diagnosis_id,sample_id
DG__BS_007JTNB8__0,BS_007JTNB8
DG__BS_00TRPEQX__0,BS_00TRPEQX
DG__BS_014EVM2D__0,BS_014EVM2D
DG__BS_01DQH017__0,BS_01DQH017
DG__BS_01Y5F4PN__0,BS_01Y5F4PN
DG__BS_02NZT8CE__0,BS_02NZT8CE
DG__BS_02W5H7K5__0,BS_02W5H7K5
DG__BS_02YBZSBY__0,BS_02YBZSBY
DG__BS_02ZSVZCB__0,BS_02ZSVZCB
DG__BS_03FT4S8B__0,BS_03FT4S8B
DG__BS_03SSN1N2__0,BS_03SSN1N2
DG__BS_042DVDQM__0,BS_042DVDQM
DG__BS_0448A413__0,BS_0448A413
DG__BS_044XZ8ST__0,BS_044XZ8ST
DG__BS_04B8X54S__0,BS_04B8X54S
DG__BS_052PZFMK__0,BS_052PZFMK
DG__BS_05S9WJW6__0,BS_05S9WJW6
DG__BS_060QB7XB__0,BS_060QB7XB
DG__BS_063ERW0R__0,BS_063ERW0R
DG__BS_06AMMCXR__0,BS_06AMMCXR
DG__BS_06GEF6DB__0,BS_06GEF6DB
DG__BS_06GPPDHZ__0,BS_06GPPDHZ
DG__BS_06XH7EVF__0,BS_06XH7EVF
DG__BS_07ANYSYQ__0,BS_07ANYSYQ
DG__BS_090GV72Q__0,BS_090GV72Q
DG__BS_09R7GDA7__0,BS_09R7GDA7
DG__BS_09Z7TC35__0,BS_09Z7TC35
DG__BS_0ATJ22QA__0,BS_0ATJ22QA
DG__BS_0BXY0F9N__0,BS_0BXY0F9N
DG__BS_0C7VZC0A__0,BS_0C7VZC0A
DG__BS_0DKPGQWD__0,BS_0DKPGQWD
DG__BS_0EN5R1AP__0,BS_0EN5R1AP
DG__BS_0FQKT8EY__0,BS_0FQKT8EY
DG__BS_0GDJQANN__0,BS_0GDJQANN
DG__BS_0HW7W7SD__0,BS_0HW7W7SD
DG__BS_0J5GC803__0,BS_0J5GC803
DG__BS_0J5MCBZV__0,BS_0J5MCBZV
DG__BS_0J9SHHSC__0,BS_0J9SHHSC
DG__BS_0Q8G4N8H__0,BS_0Q8G4N8H
DG__BS_0QEBZX3M__0,BS_0QEBZX3M
DG__BS_0QYS36NR__0,BS_0QYS36NR
DG__BS_0RF0EZTV__0,BS_0RF0EZTV
DG__BS_0RF0G9SQ__0,BS_0RF0G9SQ
DG__BS_0RQ4P069__0,BS_0RQ4P069
DG__BS_0S617SMM__0,BS_0S617SMM
DG__BS_0SCXXM6N__0,BS_0SCXXM6N
DG__BS_0SFXXBQ5__0,BS_0SFXXBQ5
DG__BS_0SPCTBZY__0,BS_0SPCTBZY
DG__BS_0T17SY47__0,BS_0T17SY47
DG__BS_0VRSD9V3__0,BS_0VRSD9V3
DG__BS_0VXZCRJS__0,BS_0VXZCRJS
DG__BS_0W8AWY10__0,BS_0W8AWY10
DG__BS_0WQJP6ZG__0,BS_0WQJP6ZG
DG__BS_0WVJYM9R__0,BS_0WVJYM9R
DG__BS_0X9EGHY2__0,BS_0X9EGHY2
DG__BS_0XD58YD9__0,BS_0XD58YD9
DG__BS_0XEG6SNV__0,BS_0XEG6SNV
DG__BS_0XR7GYAV__0,BS_0XR7GYAV
DG__BS_0Y66ZBWE__0,BS_0Y66ZBWE
DG__BS_0YVR8Q4E__0,BS_0YVR8Q4E
DG__BS_0ZA67BBC__0,BS_0ZA67BBC
DG__BS_0ZR4XA69__0,BS_0ZR4XA69
DG__BS_1021ZGQT__0,BS_1021ZGQT
DG__BS_10AD3EFX__0,BS_10AD3EFX
DG__BS_10APZRVT__0,BS_10APZRVT
DG__BS_10HD18B8__0,BS_10HD18B8
DG__BS_10V9SAG8__0,BS_10V9SAG8
DG__BS_11322HD1__0,BS_11322HD1
DG__BS_1135HC0V__0,BS_1135HC0V
DG__BS_11WY983P__0,BS_11WY983P
DG__BS_12ZB7R6A__0,BS_12ZB7R6A
DG__BS_13CGKADW__0,BS_13CGKADW
DG__BS_154FP4ZQ__0,BS_154FP4ZQ
DG__BS_15ETQ0E4__0,BS_15ETQ0E4
DG__BS_1607397Q__0,BS_1607397Q
DG__BS_164KRQJ0__0,BS_164KRQJ0
DG__BS_16TBX6G5__0,BS_16TBX6G5
DG__BS_17FVWMNV__0,BS_17FVWMNV
DG__BS_17WYVEEC__0,BS_17WYVEEC
DG__BS_185Q218S__0,BS_185Q218S
DG__BS_18NCV5QZ__0,BS_18NCV5QZ
DG__BS_196BBNEJ__0,BS_196BBNEJ
DG__BS_19EJ85F8__0,BS_19EJ85F8
DG__BS_1A6MQ9ZA__0,BS_1A6MQ9ZA
DG__BS_1AYRM596__0,BS_1AYRM596
DG__BS_1AZ8YJSH__0,BS_1AZ8YJSH
DG__BS_1B4Q7CNG__0,BS_1B4Q7CNG
DG__BS_1BWP5MCT__0,BS_1BWP5MCT
DG__BS_1C4WCNQF__0,BS_1C4WCNQF
DG__BS_1CZPVCXR__0,BS_1CZPVCXR
DG__BS_1D6PZNKN__0,BS_1D6PZNKN
DG__BS_1EBQ3T20__0,BS_1EBQ3T20
DG__BS_1EN5V3XW__0,BS_1EN5V3XW
DG__BS_1EQGGHHQ__0,BS_1EQGGHHQ
DG__BS_1EYKDS0Z__0,BS_1EYKDS0Z
DG__BS_1G3WYEN3__0,BS_1G3WYEN3
DG__BS_1GK2EMFY__0,BS_1GK2EMFY
DG__BS_1HFK0SXV__0,BS_1HFK0SXV
DG__BS_1HQ76V6D__0,BS_1HQ76V6D
DG__BS_1J2WQ08M__0,BS_1J2WQ08M
DG__BS_1JDG6JV5__0,BS_1JDG6JV5
DG__BS_1JGQPJH3__0,BS_1JGQPJH3
DG__BS_1JMTTKMK__0,BS_1JMTTKMK
DG__BS_1KYGSMA7__0,BS_1KYGSMA7
DG__BS_1M63B97V__0,BS_1M63B97V
DG__BS_1MME7FBS__0,BS_1MME7FBS
DG__BS_1N7MQZGR__0,BS_1N7MQZGR
DG__BS_1N9XZXGE__0,BS_1N9XZXGE
DG__BS_1NPD7PVG__0,BS_1NPD7PVG
DG__BS_1Q524P3B__0,BS_1Q524P3B
DG__BS_1QNTEZPS__0,BS_1QNTEZPS
DG__BS_1QXEC43H__0,BS_1QXEC43H
DG__BS_1RF75MK2__0,BS_1RF75MK2
DG__BS_1RFBH1SP__0,BS_1RFBH1SP
DG__BS_1RT76ANT__0,BS_1RT76ANT
DG__BS_1RTE2KEX__0,BS_1RTE2KEX
DG__BS_1RXZ3BP7__0,BS_1RXZ3BP7
DG__BS_1S2BHJ8K__0,BS_1S2BHJ8K
DG__BS_1S5V7WWC__0,BS_1S5V7WWC
DG__BS_1SVVER1H__0,BS_1SVVER1H
DG__BS_1T19NFJ8__0,BS_1T19NFJ8
DG__BS_1TPWFSK6__0,BS_1TPWFSK6
DG__BS_1TWCV047__0,BS_1TWCV047
DG__BS_1VMBA3BN__0,BS_1VMBA3BN
DG__BS_1XJ73KBQ__0,BS_1XJ73KBQ
DG__BS_1YTHM07J__0,BS_1YTHM07J
DG__BS_1ZVXF5FE__0,BS_1ZVXF5FE
DG__BS_20TBZG09__0,BS_20TBZG09
DG__BS_20X874J5__0,BS_20X874J5
DG__BS_21ET39G7__0,BS_21ET39G7
DG__BS_21RE8W46__0,BS_21RE8W46
DG__BS_22VCR7DF__0,BS_22VCR7DF
DG__BS_230S192D__0,BS_230S192D
DG__BS_235QEYMQ__0,BS_235QEYMQ
DG__BS_23M72ABG__0,BS_23M72ABG
DG__BS_23QW0BBA__0,BS_23QW0BBA
DG__BS_23W9EPFE__0,BS_23W9EPFE
DG__BS_23ZE42Q3__0,BS_23ZE42Q3
DG__BS_245CTSH9__0,BS_245CTSH9
DG__BS_24AHZ9ZW__0,BS_24AHZ9ZW
DG__BS_258RRGDM__0,BS_258RRGDM
DG__BS_25T139TX__0,BS_25T139TX
DG__BS_25VZM81R__0,BS_25VZM81R
DG__BS_264RCK7G__0,BS_264RCK7G
DG__BS_273HKCT4__0,BS_273HKCT4
DG__BS_27QE6BV7__0,BS_27QE6BV7
DG__BS_28CDASF7__0,BS_28CDASF7
DG__BS_29006KEX__0,BS_29006KEX
DG__BS_29CPJ040__0,BS_29CPJ040
DG__BS_29X4ZX6Q__0,BS_29X4ZX6Q
DG__BS_2A162JH9__0,BS_2A162JH9
DG__BS_2A5R9MEJ__0,BS_2A5R9MEJ
DG__BS_2ADZNNV4__0,BS_2ADZNNV4
DG__BS_2AR3AP0N__0,BS_2AR3AP0N
DG__BS_2AWCKNB3__0,BS_2AWCKNB3
DG__BS_2CD1XWVP__0,BS_2CD1XWVP
DG__BS_2CQ6K2JW__0,BS_2CQ6K2JW
DG__BS_2E81A3FT__0,BS_2E81A3FT
DG__BS_2EMW8ZG3__0,BS_2EMW8ZG3
DG__BS_2EN3X6HB__0,BS_2EN3X6HB
DG__BS_2F70R10Z__0,BS_2F70R10Z
DG__BS_2HDEZFTW__0,BS_2HDEZFTW
DG__BS_2HN96129__0,BS_2HN96129
DG__BS_2HNHCSNB__0,BS_2HNHCSNB
DG__BS_2J4FG4HV__0,BS_2J4FG4HV
DG__BS_2JDVY4F7__0,BS_2JDVY4F7
DG__BS_2JP7RBMB__0,BS_2JP7RBMB
DG__BS_2KJ2YAZR__0,BS_2KJ2YAZR
DG__BS_2KMB51YF__0,BS_2KMB51YF
DG__BS_2NN6ME5A__0,BS_2NN6ME5A
DG__BS_2P7MJGM7__0,BS_2P7MJGM7
DG__BS_2R9TCR03__0,BS_2R9TCR03
DG__BS_2RJN5Z4W__0,BS_2RJN5Z4W
DG__BS_2RX2NF1Q__0,BS_2RX2NF1Q
DG__BS_2SFTWNVE__0,BS_2SFTWNVE
DG__BS_2SG8JNMB__0,BS_2SG8JNMB
DG__BS_2SHWPB5P__0,BS_2SHWPB5P
DG__BS_2VB8649B__0,BS_2VB8649B
DG__BS_2VHFP7M8__0,BS_2VHFP7M8
DG__BS_2VSN5YC5__0,BS_2VSN5YC5
DG__BS_2W200YK5__0,BS_2W200YK5
DG__BS_2W3NC4K1__0,BS_2W3NC4K1
DG__BS_2WPQ8YCW__0,BS_2WPQ8YCW
DG__BS_2XD3MNKD__0,BS_2XD3MNKD
DG__BS_2YCJV2VV__0,BS_2YCJV2VV
DG__BS_2Z1MKS84__0,BS_2Z1MKS84
DG__BS_2Z9JQDPV__0,BS_2Z9JQDPV
DG__BS_30VC3R2Q__0,BS_30VC3R2Q
DG__BS_30W38X77__0,BS_30W38X77
DG__BS_3108RS7G__0,BS_3108RS7G
DG__BS_31TF0P1N__0,BS_31TF0P1N
DG__BS_328C4BW5__0,BS_328C4BW5
DG__BS_32HAVF6S__0,BS_32HAVF6S
DG__BS_32JF8TPP__0,BS_32JF8TPP
DG__BS_32VQRFDS__0,BS_32VQRFDS
DG__BS_34201DKZ__0,BS_34201DKZ
DG__BS_354DTKHE__0,BS_354DTKHE
DG__BS_376Q9QKG__0,BS_376Q9QKG
DG__BS_37GTVG4N__0,BS_37GTVG4N
DG__BS_398KYV92__0,BS_398KYV92
DG__BS_399RPKC9__0,BS_399RPKC9
DG__BS_39CGACC7__0,BS_39CGACC7
DG__BS_39Q80NT3__0,BS_39Q80NT3
DG__BS_3A0CJMRH__0,BS_3A0CJMRH
DG__BS_3AC3SRWH__0,BS_3AC3SRWH
DG__BS_3AERRZQT__0,BS_3AERRZQT
DG__BS_3BDAG9YN__0,BS_3BDAG9YN
DG__BS_3BMGF6GN__0,BS_3BMGF6GN
DG__BS_3BVVWHP5__0,BS_3BVVWHP5
DG__BS_3C4YAMKJ__0,BS_3C4YAMKJ
DG__BS_3CG2N4PD__0,BS_3CG2N4PD
DG__BS_3DCBDJAT__0,BS_3DCBDJAT
DG__BS_3DYRAZE7__0,BS_3DYRAZE7
DG__BS_3E5C1PN1__0,BS_3E5C1PN1
DG__BS_3EVSN5QD__0,BS_3EVSN5QD
DG__BS_3F4FQJMR__0,BS_3F4FQJMR
DG__BS_3F5PR9GS__0,BS_3F5PR9GS
DG__BS_3G3KWY18__0,BS_3G3KWY18
DG__BS_3H71BH6Q__0,BS_3H71BH6Q
DG__BS_3J4T2YYW__0,BS_3J4T2YYW
DG__BS_3J85TTZM__0,BS_3J85TTZM
DG__BS_3JE2T7AR__0,BS_3JE2T7AR
DG__BS_3KASVCSQ__0,BS_3KASVCSQ
DG__BS_3KHXMAJF__0,BS_3KHXMAJF
DG__BS_3MS8WVNR__0,BS_3MS8WVNR
DG__BS_3MYEMXPQ__0,BS_3MYEMXPQ
DG__BS_3MYQP7P5__0,BS_3MYQP7P5
DG__BS_3NNQ6PSB__0,BS_3NNQ6PSB
DG__BS_3NWQXPQV__0,BS_3NWQXPQV
DG__BS_3NX3RBCX__0,BS_3NX3RBCX
DG__BS_3P20Q2C3__0,BS_3P20Q2C3
DG__BS_3P96RT4E__0,BS_3P96RT4E
DG__BS_3PYESPHA__0,BS_3PYESPHA
DG__BS_3Q0GTSYH__0,BS_3Q0GTSYH
DG__BS_3QDRWJCF__0,BS_3QDRWJCF
DG__BS_3R0KN6Z4__0,BS_3R0KN6Z4
DG__BS_3T6X4BPC__0,BS_3T6X4BPC
DG__BS_3TQSE8HF__0,BS_3TQSE8HF
DG__BS_3V3KE3VT__0,BS_3V3KE3VT
DG__BS_3VKW5988__0,BS_3VKW5988
DG__BS_3W07B2TG__0,BS_3W07B2TG
DG__BS_3X9WMZGJ__0,BS_3X9WMZGJ
DG__BS_3XY76V8T__0,BS_3XY76V8T
DG__BS_3Y0QXZQB__0,BS_3Y0QXZQB
DG__BS_3Y44RJXS__0,BS_3Y44RJXS
DG__BS_3Z40EZHD__0,BS_3Z40EZHD
DG__BS_3ZASRA3A__0,BS_3ZASRA3A
DG__BS_3ZMH8578__0,BS_3ZMH8578
DG__BS_401R3KV0__0,BS_401R3KV0
DG__BS_402W79TS__0,BS_402W79TS
DG__BS_40FX713C__0,BS_40FX713C
DG__BS_40MP5BWR__0,BS_40MP5BWR
DG__BS_40SJZGT2__0,BS_40SJZGT2
DG__BS_41SWNWAG__0,BS_41SWNWAG
DG__BS_41TD9XET__0,BS_41TD9XET
DG__BS_42A66SH4__0,BS_42A66SH4
DG__BS_42DY6WS7__0,BS_42DY6WS7
DG__BS_42Y3YANN__0,BS_42Y3YANN
DG__BS_44A3ES23__0,BS_44A3ES23
DG__BS_45913DTA__0,BS_45913DTA
DG__BS_45J79YTF__0,BS_45J79YTF
DG__BS_46BZ2NNN__0,BS_46BZ2NNN
DG__BS_470DYRJQ__0,BS_470DYRJQ
DG__BS_47454JJ6__0,BS_47454JJ6
DG__BS_478TN841__0,BS_478TN841
DG__BS_479S95Q6__0,BS_479S95Q6
DG__BS_47SJZ3PH__0,BS_47SJZ3PH
DG__BS_47X3VAM0__0,BS_47X3VAM0
DG__BS_49852ZBH__0,BS_49852ZBH
DG__BS_49BQS7Z6__0,BS_49BQS7Z6
DG__BS_49CJNZ06__0,BS_49CJNZ06
DG__BS_49F4RAA4__0,BS_49F4RAA4
DG__BS_49FQXT2E__0,BS_49FQXT2E
DG__BS_49JD1V3S__0,BS_49JD1V3S
DG__BS_49VCQD19__0,BS_49VCQD19
DG__BS_4A45GGSW__0,BS_4A45GGSW
DG__BS_4B0BAVTX__0,BS_4B0BAVTX
DG__BS_4BWB0FA0__0,BS_4BWB0FA0
DG__BS_4C4MZ4NT__0,BS_4C4MZ4NT
DG__BS_4CP4T22V__0,BS_4CP4T22V
DG__BS_4D9DD103__0,BS_4D9DD103
DG__BS_4DQAQFQH__0,BS_4DQAQFQH
DG__BS_4DTX295Z__0,BS_4DTX295Z
DG__BS_4DY83R02__0,BS_4DY83R02
DG__BS_4E1G7E3G__0,BS_4E1G7E3G
DG__BS_4EN8D8Y4__0,BS_4EN8D8Y4
DG__BS_4FZS7TX4__0,BS_4FZS7TX4
DG__BS_4G9Y2VC6__0,BS_4G9Y2VC6
DG__BS_4GKH983E__0,BS_4GKH983E
DG__BS_4GTESTSE__0,BS_4GTESTSE
DG__BS_4HQ3T2NC__0,BS_4HQ3T2NC
DG__BS_4JWBB28H__0,BS_4JWBB28H
DG__BS_4M0ZMCDC__0,BS_4M0ZMCDC
DG__BS_4NF35AF6__0,BS_4NF35AF6
DG__BS_4NPEMNAD__0,BS_4NPEMNAD
DG__BS_4NWHYH53__0,BS_4NWHYH53
DG__BS_4P25NNZD__0,BS_4P25NNZD
DG__BS_4PAE19ZC__0,BS_4PAE19ZC
DG__BS_4PH1MBGR__0,BS_4PH1MBGR
DG__BS_4PPHAQXF__0,BS_4PPHAQXF
DG__BS_4PWDGEB0__0,BS_4PWDGEB0
DG__BS_4QFSH7C4__0,BS_4QFSH7C4
DG__BS_4QW2S1Q8__0,BS_4QW2S1Q8
DG__BS_4RS1SC48__0,BS_4RS1SC48
DG__BS_4SCWT0FX__0,BS_4SCWT0FX
DG__BS_4T0HPZDC__0,BS_4T0HPZDC
DG__BS_4T8J7JEP__0,BS_4T8J7JEP
DG__BS_4W1DBAN4__0,BS_4W1DBAN4
DG__BS_4W68NV3M__0,BS_4W68NV3M
DG__BS_4XPPZTGG__0,BS_4XPPZTGG
DG__BS_4Y6BCYK5__0,BS_4Y6BCYK5
DG__BS_4Z2F4P9N__0,BS_4Z2F4P9N
DG__BS_4Z6F1HJZ__0,BS_4Z6F1HJZ
DG__BS_4ZKN0WGS__0,BS_4ZKN0WGS
DG__BS_50XV7CTQ__0,BS_50XV7CTQ
DG__BS_51RA1PGE__0,BS_51RA1PGE
DG__BS_52426AMF__0,BS_52426AMF
DG__BS_52C576HH__0,BS_52C576HH
DG__BS_52DAPP1Y__0,BS_52DAPP1Y
DG__BS_52ETE050__0,BS_52ETE050
DG__BS_52MPKTJH__0,BS_52MPKTJH
DG__BS_53CTGDQG__0,BS_53CTGDQG
DG__BS_53GQKVEX__0,BS_53GQKVEX
DG__BS_53M8PP88__0,BS_53M8PP88
DG__BS_53TV75NN__0,BS_53TV75NN
DG__BS_541KKASA__0,BS_541KKASA
DG__BS_55JW3HFM__0,BS_55JW3HFM
DG__BS_55N7KFHW__0,BS_55N7KFHW
DG__BS_55P8HPYD__0,BS_55P8HPYD
DG__BS_58X7SKJS__0,BS_58X7SKJS
DG__BS_58YXHGAJ__0,BS_58YXHGAJ
DG__BS_593HEWBF__0,BS_593HEWBF
DG__BS_5965SFPZ__0,BS_5965SFPZ
DG__BS_5968GBGT__0,BS_5968GBGT
DG__BS_59FR1NC2__0,BS_59FR1NC2
DG__BS_59ZJWJTF__0,BS_59ZJWJTF
DG__BS_5AF6ZNJF__0,BS_5AF6ZNJF
DG__BS_5B6XZ7YP__0,BS_5B6XZ7YP
DG__BS_5BMNK8SY__0,BS_5BMNK8SY
DG__BS_5BNV7MCF__0,BS_5BNV7MCF
DG__BS_5CCAC8TZ__0,BS_5CCAC8TZ
DG__BS_5CMGN56B__0,BS_5CMGN56B
DG__BS_5CTVXVRX__0,BS_5CTVXVRX
DG__BS_5D24XV4T__0,BS_5D24XV4T
DG__BS_5FBN4PPQ__0,BS_5FBN4PPQ
DG__BS_5GNQC2FF__0,BS_5GNQC2FF
DG__BS_5J5VH3X0__0,BS_5J5VH3X0
DG__BS_5JC116NM__0,BS_5JC116NM
DG__BS_5JM573JC__0,BS_5JM573JC
DG__BS_5K3R0F5D__0,BS_5K3R0F5D
DG__BS_5KFAEMQJ__0,BS_5KFAEMQJ
DG__BS_5KK9P7XD__0,BS_5KK9P7XD
DG__BS_5NAKYS1S__0,BS_5NAKYS1S
DG__BS_5NWDARXG__0,BS_5NWDARXG
DG__BS_5P1TN10Z__0,BS_5P1TN10Z
DG__BS_5P3CZQV8__0,BS_5P3CZQV8
DG__BS_5PEFNDCY__0,BS_5PEFNDCY
DG__BS_5PJCHF6V__0,BS_5PJCHF6V
DG__BS_5PV5N4HQ__0,BS_5PV5N4HQ
DG__BS_5R0HHQ1Y__0,BS_5R0HHQ1Y
DG__BS_5RD8KEED__0,BS_5RD8KEED
DG__BS_5S8VXASX__0,BS_5S8VXASX
DG__BS_5TT6TT4K__0,BS_5TT6TT4K
DG__BS_5V2FBYQG__0,BS_5V2FBYQG
DG__BS_5V2XCW17__0,BS_5V2XCW17
DG__BS_5VPM0F36__0,BS_5VPM0F36
DG__BS_5VQP0E6K__0,BS_5VQP0E6K
DG__BS_5WK2KXYW__0,BS_5WK2KXYW
DG__BS_5XZP7F4Q__0,BS_5XZP7F4Q
DG__BS_5Y2Q63Y4__0,BS_5Y2Q63Y4
DG__BS_5YJEPPTP__0,BS_5YJEPPTP
DG__BS_5ZRZC3ZM__0,BS_5ZRZC3ZM
DG__BS_60K3EQ9S__0,BS_60K3EQ9S
DG__BS_61E80SD6__0,BS_61E80SD6
DG__BS_62XRDTM6__0,BS_62XRDTM6
DG__BS_64HCD9K3__0,BS_64HCD9K3
DG__BS_6687ZNGS__0,BS_6687ZNGS
DG__BS_66ABA973__0,BS_66ABA973
DG__BS_66HQ3E4Z__0,BS_66HQ3E4Z
DG__BS_67PX06P3__0,BS_67PX06P3
DG__BS_67Z63A2K__0,BS_67Z63A2K
DG__BS_680K119G__0,BS_680K119G
DG__BS_682Z7WH6__0,BS_682Z7WH6
DG__BS_685DACMS__0,BS_685DACMS
DG__BS_68BW2163__0,BS_68BW2163
DG__BS_68KX6A42__0,BS_68KX6A42
DG__BS_68TZMZH1__0,BS_68TZMZH1
DG__BS_699TN5RN__0,BS_699TN5RN
DG__BS_69V8P8A0__0,BS_69V8P8A0
DG__BS_69VS8PS1__0,BS_69VS8PS1
DG__BS_6B62YT97__0,BS_6B62YT97
DG__BS_6DCSD5Y6__0,BS_6DCSD5Y6
DG__BS_6DT506HY__0,BS_6DT506HY
DG__BS_6F49F7WH__0,BS_6F49F7WH
DG__BS_6FV7BDE3__0,BS_6FV7BDE3
DG__BS_6FYTRKJJ__0,BS_6FYTRKJJ
DG__BS_6G6C7VPX__0,BS_6G6C7VPX
DG__BS_6GN1FGTB__0,BS_6GN1FGTB
DG__BS_6GTKRGNK__0,BS_6GTKRGNK
DG__BS_6GV08HTE__0,BS_6GV08HTE
DG__BS_6H1C1ME9__0,BS_6H1C1ME9
DG__BS_6HE8H9HY__0,BS_6HE8H9HY
DG__BS_6HTK4YJP__0,BS_6HTK4YJP
DG__BS_6JBE0947__0,BS_6JBE0947
DG__BS_6JHXXVR7__0,BS_6JHXXVR7
DG__BS_6KEYD1S4__0,BS_6KEYD1S4
DG__BS_6M2053M0__0,BS_6M2053M0
DG__BS_6MY8W3H0__0,BS_6MY8W3H0
DG__BS_6MZ7FRZH__0,BS_6MZ7FRZH
DG__BS_6N3AFF66__0,BS_6N3AFF66
DG__BS_6NPSZJ4C__0,BS_6NPSZJ4C
DG__BS_6NRTJSYK__0,BS_6NRTJSYK
DG__BS_6NTXGQAC__0,BS_6NTXGQAC
DG__BS_6P50QTPP__0,BS_6P50QTPP
DG__BS_6Q9PMNWY__0,BS_6Q9PMNWY
DG__BS_6R7SFVV2__0,BS_6R7SFVV2
DG__BS_6SA5B35V__0,BS_6SA5B35V
DG__BS_6T4JGBGY__0,BS_6T4JGBGY
DG__BS_6T87HSPX__0,BS_6T87HSPX
DG__BS_6TMPZKSZ__0,BS_6TMPZKSZ
DG__BS_6VF6VPCG__0,BS_6VF6VPCG
DG__BS_6VKKMM6M__0,BS_6VKKMM6M
DG__BS_6VPKXXMR__0,BS_6VPKXXMR
DG__BS_6VTQ3W4M__0,BS_6VTQ3W4M
DG__BS_6WP1FHTE__0,BS_6WP1FHTE
DG__BS_6X2BQQGE__0,BS_6X2BQQGE
DG__BS_6X3Z0AVR__0,BS_6X3Z0AVR
DG__BS_6XHDR1WS__0,BS_6XHDR1WS
DG__BS_6XP91JM2__0,BS_6XP91JM2
DG__BS_6Y7FX7QJ__0,BS_6Y7FX7QJ
DG__BS_6YMJ621P__0,BS_6YMJ621P
DG__BS_6Z213H2V__0,BS_6Z213H2V
DG__BS_6Z4WHYDG__0,BS_6Z4WHYDG
DG__BS_6ZP2KRPW__0,BS_6ZP2KRPW
DG__BS_70FFPA51__0,BS_70FFPA51
DG__BS_70FKSKM9__0,BS_70FKSKM9
DG__BS_71HPXFE7__0,BS_71HPXFE7
DG__BS_7327SDAQ__0,BS_7327SDAQ
DG__BS_742CDKAS__0,BS_742CDKAS
DG__BS_742RHK1M__0,BS_742RHK1M
DG__BS_74A1TB03__0,BS_74A1TB03
DG__BS_74FS6GMW__0,BS_74FS6GMW
DG__BS_74G5K7JF__0,BS_74G5K7JF
DG__BS_74SJ7YV4__0,BS_74SJ7YV4
DG__BS_74TZJTW0__0,BS_74TZJTW0
DG__BS_75VHXMZN__0,BS_75VHXMZN
DG__BS_769BDPDB__0,BS_769BDPDB
DG__BS_77317DY4__0,BS_77317DY4
DG__BS_775HDFNY__0,BS_775HDFNY
DG__BS_77CDMEY4__0,BS_77CDMEY4
DG__BS_78QX3XDF__0,BS_78QX3XDF
DG__BS_78TQS4Y3__0,BS_78TQS4Y3
DG__BS_797V83YM__0,BS_797V83YM
DG__BS_79NQJZ09__0,BS_79NQJZ09
DG__BS_79SYEHY3__0,BS_79SYEHY3
DG__BS_7B89YR6K__0,BS_7B89YR6K
DG__BS_7BNQBB26__0,BS_7BNQBB26
DG__BS_7BTZQKYY__0,BS_7BTZQKYY
DG__BS_7BW0YRPY__0,BS_7BW0YRPY
DG__BS_7C40TRCY__0,BS_7C40TRCY
DG__BS_7F07M7JG__0,BS_7F07M7JG
DG__BS_7FWZ518S__0,BS_7FWZ518S
DG__BS_7G42J2SK__0,BS_7G42J2SK
DG__BS_7GJT4A6A__0,BS_7GJT4A6A
DG__BS_7GKF6M85__0,BS_7GKF6M85
DG__BS_7H4RFCW9__0,BS_7H4RFCW9
DG__BS_7HC4W4SA__0,BS_7HC4W4SA
DG__BS_7KR13R3P__0,BS_7KR13R3P
DG__BS_7M5272WN__0,BS_7M5272WN
DG__BS_7M6F9GQD__0,BS_7M6F9GQD
DG__BS_7M7JNG00__0,BS_7M7JNG00
DG__BS_7N0B2CY1__0,BS_7N0B2CY1
DG__BS_7P83Z28P__0,BS_7P83Z28P
DG__BS_7PF3C1P7__0,BS_7PF3C1P7
DG__BS_7PKPNFFK__0,BS_7PKPNFFK
DG__BS_7RQCH5Y7__0,BS_7RQCH5Y7
DG__BS_7S6GNG04__0,BS_7S6GNG04
DG__BS_7T1J3KET__0,BS_7T1J3KET
DG__BS_7WM3MNZ0__0,BS_7WM3MNZ0
DG__BS_7WNSZNE3__0,BS_7WNSZNE3
DG__BS_7XQRH69M__0,BS_7XQRH69M
DG__BS_7XRN3CFX__0,BS_7XRN3CFX
DG__BS_7XZNDFV4__0,BS_7XZNDFV4
DG__BS_7Y5E5KQW__0,BS_7Y5E5KQW
DG__BS_7Z93ZYMS__0,BS_7Z93ZYMS
DG__BS_7ZV3DPGT__0,BS_7ZV3DPGT
DG__BS_80078QDG__0,BS_80078QDG
DG__BS_80X7AVCP__0,BS_80X7AVCP
DG__BS_81SP2HX4__0,BS_81SP2HX4
DG__BS_8226HD4X__0,BS_8226HD4X
DG__BS_823V5X6Z__0,BS_823V5X6Z
DG__BS_83MSWR59__0,BS_83MSWR59
DG__BS_84AQCZE4__0,BS_84AQCZE4
DG__BS_84XCR9GG__0,BS_84XCR9GG
DG__BS_850BAHH9__0,BS_850BAHH9
DG__BS_853PNV7P__0,BS_853PNV7P
DG__BS_859AV1DB__0,BS_859AV1DB
DG__BS_85Q5P8GF__0,BS_85Q5P8GF
DG__BS_85Y70BHE__0,BS_85Y70BHE
DG__BS_86Q14TZG__0,BS_86Q14TZG
DG__BS_86QSEFS7__0,BS_86QSEFS7
DG__BS_872Q3FK2__0,BS_872Q3FK2
DG__BS_886M7JMG__0,BS_886M7JMG
DG__BS_893A91ZM__0,BS_893A91ZM
DG__BS_895FJ34T__0,BS_895FJ34T
DG__BS_89RCN9PF__0,BS_89RCN9PF
DG__BS_8AY2GM4G__0,BS_8AY2GM4G
DG__BS_8B1YF57H__0,BS_8B1YF57H
DG__BS_8BD8WD38__0,BS_8BD8WD38
DG__BS_8BM1WTGR__0,BS_8BM1WTGR
DG__BS_8BS10XE2__0,BS_8BS10XE2
DG__BS_8CA214YR__0,BS_8CA214YR
DG__BS_8D0NYM46__0,BS_8D0NYM46
DG__BS_8D52JK1Q__0,BS_8D52JK1Q
DG__BS_8EB1S8MK__0,BS_8EB1S8MK
DG__BS_8F9BDWY4__0,BS_8F9BDWY4
DG__BS_8FSJDG2T__0,BS_8FSJDG2T
DG__BS_8H2XX24V__0,BS_8H2XX24V
DG__BS_8J09S6MZ__0,BS_8J09S6MZ
DG__BS_8J3B6ZB6__0,BS_8J3B6ZB6
DG__BS_8JFMP1T1__0,BS_8JFMP1T1
DG__BS_8MA5B8Y9__0,BS_8MA5B8Y9
DG__BS_8NY9J9NQ__0,BS_8NY9J9NQ
DG__BS_8PNA0V6R__0,BS_8PNA0V6R
DG__BS_8Q77HZ4R__0,BS_8Q77HZ4R
DG__BS_8Q8CAY84__0,BS_8Q8CAY84
DG__BS_8Q8N6AHW__0,BS_8Q8N6AHW
DG__BS_8QB4S4VA__0,BS_8QB4S4VA
DG__BS_8RCR7Y4B__0,BS_8RCR7Y4B
DG__BS_8RHPJ740__0,BS_8RHPJ740
DG__BS_8S2CZBA6__0,BS_8S2CZBA6
DG__BS_8S86CM61__0,BS_8S86CM61
DG__BS_8SETK1J4__0,BS_8SETK1J4
DG__BS_8SKZ7BRN__0,BS_8SKZ7BRN
DG__BS_8SYN7GXG__0,BS_8SYN7GXG
DG__BS_8T7DZV2F__0,BS_8T7DZV2F
DG__BS_8TFBNHT0__0,BS_8TFBNHT0
DG__BS_8VAZSJEN__0,BS_8VAZSJEN
DG__BS_8W0FNBWF__0,BS_8W0FNBWF
DG__BS_8WJR4AA3__0,BS_8WJR4AA3
DG__BS_8WPNFT03__0,BS_8WPNFT03
DG__BS_8Z3SCKB5__0,BS_8Z3SCKB5
DG__BS_8ZD6J47V__0,BS_8ZD6J47V
DG__BS_8ZP3CBQA__0,BS_8ZP3CBQA
DG__BS_8ZS9F31R__0,BS_8ZS9F31R
DG__BS_8ZY4GST0__0,BS_8ZY4GST0
DG__BS_90B22NGP__0,BS_90B22NGP
DG__BS_912NX4Y0__0,BS_912NX4Y0
DG__BS_91VYM11A__0,BS_91VYM11A
DG__BS_922YMFYK__0,BS_922YMFYK
DG__BS_928HWFFM__0,BS_928HWFFM
DG__BS_92MT680S__0,BS_92MT680S
DG__BS_92VDQ0NE__0,BS_92VDQ0NE
DG__BS_93B38HPS__0,BS_93B38HPS
DG__BS_93BV8AY9__0,BS_93BV8AY9
DG__BS_947CK40E__0,BS_947CK40E
DG__BS_94AP61Q5__0,BS_94AP61Q5
DG__BS_94MT16N2__0,BS_94MT16N2
DG__BS_95RRF4NE__0,BS_95RRF4NE
DG__BS_969K7ZM1__0,BS_969K7ZM1
DG__BS_96S0VQBN__0,BS_96S0VQBN
DG__BS_9755PSCS__0,BS_9755PSCS
DG__BS_97M1E2DW__0,BS_97M1E2DW
DG__BS_983Z6CA6__0,BS_983Z6CA6
DG__BS_996ZS2A4__0,BS_996ZS2A4
DG__BS_99B1XRZQ__0,BS_99B1XRZQ
DG__BS_99PPRCW4__0,BS_99PPRCW4
DG__BS_9BF58P80__0,BS_9BF58P80
DG__BS_9BGCH82S__0,BS_9BGCH82S
DG__BS_9BJARSX3__0,BS_9BJARSX3
DG__BS_9BN45DFK__0,BS_9BN45DFK
DG__BS_9CA93S6D__0,BS_9CA93S6D
DG__BS_9CMJ3QF6__0,BS_9CMJ3QF6
DG__BS_9D39MFHT__0,BS_9D39MFHT
DG__BS_9DFBHHB5__0,BS_9DFBHHB5
DG__BS_9DM8H1RX__0,BS_9DM8H1RX
DG__BS_9DN4QR6E__0,BS_9DN4QR6E
DG__BS_9DZ253JY__0,BS_9DZ253JY
DG__BS_9E632VPJ__0,BS_9E632VPJ
DG__BS_9E6Q11G2__0,BS_9E6Q11G2
DG__BS_9E7YVFJM__0,BS_9E7YVFJM
DG__BS_9F09XV62__0,BS_9F09XV62
DG__BS_9F2J6VS1__0,BS_9F2J6VS1
DG__BS_9FHSNVS0__0,BS_9FHSNVS0
DG__BS_9G69F50J__0,BS_9G69F50J
DG__BS_9G7ETYHR__0,BS_9G7ETYHR
DG__BS_9GJ23RHH__0,BS_9GJ23RHH
DG__BS_9GJHMA3J__0,BS_9GJHMA3J
DG__BS_9GN1QA3Q__0,BS_9GN1QA3Q
DG__BS_9GSWPZ44__0,BS_9GSWPZ44
DG__BS_9HA238XS__0,BS_9HA238XS
DG__BS_9HDPJT21__0,BS_9HDPJT21
DG__BS_9HEMB7RK__0,BS_9HEMB7RK
DG__BS_9HSGV9TJ__0,BS_9HSGV9TJ
DG__BS_9JVGXA2W__0,BS_9JVGXA2W
DG__BS_9KDA3HG6__0,BS_9KDA3HG6
DG__BS_9M49SGAQ__0,BS_9M49SGAQ
DG__BS_9M5XJ10G__0,BS_9M5XJ10G
DG__BS_9N3B3HZB__0,BS_9N3B3HZB
DG__BS_9NF39QAW__0,BS_9NF39QAW
DG__BS_9NJHQE9F__0,BS_9NJHQE9F
DG__BS_9NZ2D6AD__0,BS_9NZ2D6AD
DG__BS_9P4NDTKJ__0,BS_9P4NDTKJ
DG__BS_9P9MB8X8__0,BS_9P9MB8X8
DG__BS_9PB3XH5D__0,BS_9PB3XH5D
DG__BS_9PQPZPGM__0,BS_9PQPZPGM
DG__BS_9Q6Z6VJC__0,BS_9Q6Z6VJC
DG__BS_9QMVZ4C0__0,BS_9QMVZ4C0
DG__BS_9R82A3VT__0,BS_9R82A3VT
DG__BS_9RT63JD9__0,BS_9RT63JD9
DG__BS_9SJWWYQ4__0,BS_9SJWWYQ4
DG__BS_9SVMVJ45__0,BS_9SVMVJ45
DG__BS_9V633J1X__0,BS_9V633J1X
DG__BS_9W6FK6X4__0,BS_9W6FK6X4
DG__BS_9X9E86DY__0,BS_9X9E86DY
DG__BS_9XVACXP0__0,BS_9XVACXP0
DG__BS_9XWJ88Q1__0,BS_9XWJ88Q1
DG__BS_9YPJANGX__0,BS_9YPJANGX
DG__BS_9ZFXXJPK__0,BS_9ZFXXJPK
DG__BS_A0DYVX9J__0,BS_A0DYVX9J
DG__BS_A13BMEF5__0,BS_A13BMEF5
DG__BS_A14Z8BBK__0,BS_A14Z8BBK
DG__BS_A1DV9T7G__0,BS_A1DV9T7G
DG__BS_A1VEGWTR__0,BS_A1VEGWTR
DG__BS_A3EV6FXK__0,BS_A3EV6FXK
DG__BS_A3QZB9Y2__0,BS_A3QZB9Y2
DG__BS_A46RDWGM__0,BS_A46RDWGM
DG__BS_A4KYP5H0__0,BS_A4KYP5H0
DG__BS_A6YJ3WG2__0,BS_A6YJ3WG2
DG__BS_A70G7S2W__0,BS_A70G7S2W
DG__BS_A7MC2KR2__0,BS_A7MC2KR2
DG__BS_A7Q8G0Y1__0,BS_A7Q8G0Y1
DG__BS_A87NPZAP__0,BS_A87NPZAP
DG__BS_A89VAPVV__0,BS_A89VAPVV
DG__BS_A94A7EJ4__0,BS_A94A7EJ4
DG__BS_A9S5HT6P__0,BS_A9S5HT6P
DG__BS_AA164D3A__0,BS_AA164D3A
DG__BS_ABENB1H2__0,BS_ABENB1H2
DG__BS_ABYF92Z9__0,BS_ABYF92Z9
DG__BS_ABZ3BK38__0,BS_ABZ3BK38
DG__BS_ACE6QKVF__0,BS_ACE6QKVF
DG__BS_ACTR13BQ__0,BS_ACTR13BQ
DG__BS_AD4JPN9Q__0,BS_AD4JPN9Q
DG__BS_AEEKJ1QK__0,BS_AEEKJ1QK
DG__BS_AEMRNSQX__0,BS_AEMRNSQX
DG__BS_AF5D41PD__0,BS_AF5D41PD
DG__BS_AFAHY6HP__0,BS_AFAHY6HP
DG__BS_AFBPM6CN__0,BS_AFBPM6CN
DG__BS_AG0BZN6F__0,BS_AG0BZN6F
DG__BS_AG3D3435__0,BS_AG3D3435
DG__BS_AG4H9S3J__0,BS_AG4H9S3J
DG__BS_AG6M7TJE__0,BS_AG6M7TJE
DG__BS_AGAW7M7W__0,BS_AGAW7M7W
DG__BS_AGD2ATY1__0,BS_AGD2ATY1
DG__BS_AGGH3QGS__0,BS_AGGH3QGS
DG__BS_AGS1HHGF__0,BS_AGS1HHGF
DG__BS_AGTPCRR4__0,BS_AGTPCRR4
DG__BS_AHAXPFG3__0,BS_AHAXPFG3
DG__BS_AHEFXG7W__0,BS_AHEFXG7W
DG__BS_AHT9PKVE__0,BS_AHT9PKVE
DG__BS_AJ0T7DJ7__0,BS_AJ0T7DJ7
DG__BS_AJ6X83G5__0,BS_AJ6X83G5
DG__BS_AJFG2QDD__0,BS_AJFG2QDD
DG__BS_AK9BV52G__0,BS_AK9BV52G
DG__BS_AKRHBPNZ__0,BS_AKRHBPNZ
DG__BS_AM2TZPNS__0,BS_AM2TZPNS
DG__BS_AM70R8RG__0,BS_AM70R8RG
DG__BS_AMQGM1V9__0,BS_AMQGM1V9
DG__BS_AMZ70B6F__0,BS_AMZ70B6F
DG__BS_AP0SZ364__0,BS_AP0SZ364
DG__BS_APAQ2X2S__0,BS_APAQ2X2S
DG__BS_AQECMDPP__0,BS_AQECMDPP
DG__BS_AQMKA8NC__0,BS_AQMKA8NC
DG__BS_AQQY8HMR__0,BS_AQQY8HMR
DG__BS_AR2BH0Z4__0,BS_AR2BH0Z4
DG__BS_ARBQDTT5__0,BS_ARBQDTT5
DG__BS_ARE4EM81__0,BS_ARE4EM81
DG__BS_ARFQ1WG3__0,BS_ARFQ1WG3
DG__BS_ASXY97FK__0,BS_ASXY97FK
DG__BS_AVS4DSZW__0,BS_AVS4DSZW
DG__BS_AVYNZHSB__0,BS_AVYNZHSB
DG__BS_AWDQEKK1__0,BS_AWDQEKK1
DG__BS_AWH9757B__0,BS_AWH9757B
DG__BS_AWV1EDYB__0,BS_AWV1EDYB
DG__BS_AXM96K20__0,BS_AXM96K20
DG__BS_AXW0XBH8__0,BS_AXW0XBH8
DG__BS_AYPBAHJ6__0,BS_AYPBAHJ6
DG__BS_AZN38B7V__0,BS_AZN38B7V
DG__BS_B0SVFK4P__0,BS_B0SVFK4P
DG__BS_B1C6GZ84__0,BS_B1C6GZ84
DG__BS_B1HVNV0T__0,BS_B1HVNV0T
DG__BS_B1X2SB4P__0,BS_B1X2SB4P
DG__BS_B24PKKQB__0,BS_B24PKKQB
DG__BS_B3M5SGPA__0,BS_B3M5SGPA
DG__BS_B3RH9V17__0,BS_B3RH9V17
DG__BS_B4DY7ET3__0,BS_B4DY7ET3
DG__BS_B4P1NP87__0,BS_B4P1NP87
DG__BS_B53Z0T1Q__0,BS_B53Z0T1Q
DG__BS_B558FJXC__0,BS_B558FJXC
DG__BS_B5Z2XV03__0,BS_B5Z2XV03
DG__BS_B61168DE__0,BS_B61168DE
DG__BS_B6K0N6HS__0,BS_B6K0N6HS
DG__BS_B6KCJF2B__0,BS_B6KCJF2B
DG__BS_B6M763JS__0,BS_B6M763JS
DG__BS_B73JK7T1__0,BS_B73JK7T1
DG__BS_B741RZY9__0,BS_B741RZY9
DG__BS_B7GEH89C__0,BS_B7GEH89C
DG__BS_B7QS4DHK__0,BS_B7QS4DHK
DG__BS_B7X8VXQ3__0,BS_B7X8VXQ3
DG__BS_B8T7M0WV__0,BS_B8T7M0WV
DG__BS_B91XGSA5__0,BS_B91XGSA5
DG__BS_B94G701Q__0,BS_B94G701Q
DG__BS_B9QP40ER__0,BS_B9QP40ER
DG__BS_B9V8RGTA__0,BS_B9V8RGTA
DG__BS_BA0M71QZ__0,BS_BA0M71QZ
DG__BS_BA6AZWB3__0,BS_BA6AZWB3
DG__BS_BAVWP5JG__0,BS_BAVWP5JG
DG__BS_BB0YW800__0,BS_BB0YW800
DG__BS_BBCM52QE__0,BS_BBCM52QE
DG__BS_BBHFKBE7__0,BS_BBHFKBE7
DG__BS_BBTT7DH4__0,BS_BBTT7DH4
DG__BS_BC936YNZ__0,BS_BC936YNZ
DG__BS_BD4RQ1G0__0,BS_BD4RQ1G0
DG__BS_BFDEZK1C__0,BS_BFDEZK1C
DG__BS_BHR08WGW__0,BS_BHR08WGW
DG__BS_BJDNWMJH__0,BS_BJDNWMJH
DG__BS_BKQZ550R__0,BS_BKQZ550R
DG__BS_BKR4E30C__0,BS_BKR4E30C
DG__BS_BM95DGCQ__0,BS_BM95DGCQ
DG__BS_BMHYK93N__0,BS_BMHYK93N
DG__BS_BMMY0H73__0,BS_BMMY0H73
DG__BS_BN986DF6__0,BS_BN986DF6
DG__BS_BNFCXVYZ__0,BS_BNFCXVYZ
DG__BS_BPSTSCBJ__0,BS_BPSTSCBJ
DG__BS_BPWEFR89__0,BS_BPWEFR89
DG__BS_BQ81D2BP__0,BS_BQ81D2BP
DG__BS_BQWMQM2Y__0,BS_BQWMQM2Y
DG__BS_BR1X3R68__0,BS_BR1X3R68
DG__BS_BS5X4H0Y__0,BS_BS5X4H0Y
DG__BS_BSM3ZHW4__0,BS_BSM3ZHW4
DG__BS_BSV07M7Z__0,BS_BSV07M7Z
DG__BS_BVD7PWP5__0,BS_BVD7PWP5
DG__BS_BVSW4GTG__0,BS_BVSW4GTG
DG__BS_BWBDH9GM__0,BS_BWBDH9GM
DG__BS_BWZTMWTM__0,BS_BWZTMWTM
DG__BS_BX8AR74E__0,BS_BX8AR74E
DG__BS_BXXJ9P8C__0,BS_BXXJ9P8C
DG__BS_BYCX6VK1__0,BS_BYCX6VK1
DG__BS_BYJDRXMK__0,BS_BYJDRXMK
DG__BS_BZ4GKDP4__0,BS_BZ4GKDP4
DG__BS_BZWM455T__0,BS_BZWM455T
DG__BS_C05FKR8X__0,BS_C05FKR8X
DG__BS_C0XFDP38__0,BS_C0XFDP38
DG__BS_C0YDDQKB__0,BS_C0YDDQKB
DG__BS_C19DFVR5__0,BS_C19DFVR5
DG__BS_C1RRDNF5__0,BS_C1RRDNF5
DG__BS_C2NH5FDT__0,BS_C2NH5FDT
DG__BS_C3KDA5ZC__0,BS_C3KDA5ZC
DG__BS_C3P5BC92__0,BS_C3P5BC92
DG__BS_C3X4AEK5__0,BS_C3X4AEK5
DG__BS_C41DJZ1F__0,BS_C41DJZ1F
DG__BS_C51RB0YR__0,BS_C51RB0YR
DG__BS_C5RDMCCS__0,BS_C5RDMCCS
DG__BS_C6GBYR17__0,BS_C6GBYR17
DG__BS_C6NB914B__0,BS_C6NB914B
DG__BS_C6SKJG3N__0,BS_C6SKJG3N
DG__BS_C6ZZ3FY5__0,BS_C6ZZ3FY5
DG__BS_C7A2TYAC__0,BS_C7A2TYAC
DG__BS_C7N3J4NW__0,BS_C7N3J4NW
DG__BS_C80S5N37__0,BS_C80S5N37
DG__BS_C83TK159__0,BS_C83TK159
DG__BS_C9TNGEA0__0,BS_C9TNGEA0
DG__BS_CB6VK7PB__0,BS_CB6VK7PB
DG__BS_CBMAWSAR__0,BS_CBMAWSAR
DG__BS_CDKC1E2B__0,BS_CDKC1E2B
DG__BS_CFEWVDG1__0,BS_CFEWVDG1
DG__BS_CFPWSZB5__0,BS_CFPWSZB5
DG__BS_CGB2WS2A__0,BS_CGB2WS2A
DG__BS_CGCNC41M__0,BS_CGCNC41M
DG__BS_CGXTFM67__0,BS_CGXTFM67
DG__BS_CHAFNK64__0,BS_CHAFNK64
DG__BS_CHDGRYHJ__0,BS_CHDGRYHJ
DG__BS_CK7CPM73__0,BS_CK7CPM73
DG__BS_CKY2TTXG__0,BS_CKY2TTXG
DG__BS_CN7PB0DN__0,BS_CN7PB0DN
DG__BS_CP435MAC__0,BS_CP435MAC
DG__BS_CPYV7AHD__0,BS_CPYV7AHD
DG__BS_CPZZR2R7__0,BS_CPZZR2R7
DG__BS_CQ8C6X4X__0,BS_CQ8C6X4X
DG__BS_CQEETJ66__0,BS_CQEETJ66
DG__BS_CQSAJ7BF__0,BS_CQSAJ7BF
DG__BS_CREQ97QC__0,BS_CREQ97QC
DG__BS_CRKBDAYZ__0,BS_CRKBDAYZ
DG__BS_CS170P7T__0,BS_CS170P7T
DG__BS_CS66RYDA__0,BS_CS66RYDA
DG__BS_CSY11X7E__0,BS_CSY11X7E
DG__BS_CTR5X93B__0,BS_CTR5X93B
DG__BS_CVGFNCBJ__0,BS_CVGFNCBJ
DG__BS_CW9QV8AG__0,BS_CW9QV8AG
DG__BS_CWQ35N2K__0,BS_CWQ35N2K
DG__BS_CX6KACX6__0,BS_CX6KACX6
DG__BS_CXCKHP3Z__0,BS_CXCKHP3Z
DG__BS_CXDKK6KS__0,BS_CXDKK6KS
DG__BS_CXN0498B__0,BS_CXN0498B
DG__BS_CXVGG342__0,BS_CXVGG342
DG__BS_CXVJK2FY__0,BS_CXVJK2FY
DG__BS_CYEY58NY__0,BS_CYEY58NY
DG__BS_CZ3ER8DY__0,BS_CZ3ER8DY
DG__BS_CZ3NA7KV__0,BS_CZ3NA7KV
DG__BS_CZ82ANWP__0,BS_CZ82ANWP
DG__BS_CZRA594T__0,BS_CZRA594T
DG__BS_D09VWF8H__0,BS_D09VWF8H
DG__BS_D0BGESQF__0,BS_D0BGESQF
DG__BS_D0RDN4K5__0,BS_D0RDN4K5
DG__BS_D144EJRQ__0,BS_D144EJRQ
DG__BS_D29RPBSZ__0,BS_D29RPBSZ
DG__BS_D2BZ25FW__0,BS_D2BZ25FW
DG__BS_D2K9C7XR__0,BS_D2K9C7XR
DG__BS_D368BNRD__0,BS_D368BNRD
DG__BS_D3KVGMRJ__0,BS_D3KVGMRJ
DG__BS_D3XVXF05__0,BS_D3XVXF05
DG__BS_D3YBV7KB__0,BS_D3YBV7KB
DG__BS_D3ZV6MMY__0,BS_D3ZV6MMY
DG__BS_D4PJYHZ2__0,BS_D4PJYHZ2
DG__BS_D59VEERR__0,BS_D59VEERR
DG__BS_D5NQV7N5__0,BS_D5NQV7N5
DG__BS_D5P6EZ1M__0,BS_D5P6EZ1M
DG__BS_D6STCMQS__0,BS_D6STCMQS
DG__BS_D6XHKZDZ__0,BS_D6XHKZDZ
DG__BS_D7XRFE0R__0,BS_D7XRFE0R
DG__BS_D8N31T39__0,BS_D8N31T39
DG__BS_D9GEXXHX__0,BS_D9GEXXHX
DG__BS_DAEM3WRX__0,BS_DAEM3WRX
DG__BS_DBDXCXT5__0,BS_DBDXCXT5
DG__BS_DBEX7AG2__0,BS_DBEX7AG2
DG__BS_DC7XYYG8__0,BS_DC7XYYG8
DG__BS_DE26D072__0,BS_DE26D072
DG__BS_DEHJF4C7__0,BS_DEHJF4C7
DG__BS_DFGS950G__0,BS_DFGS950G
DG__BS_DFWFBYSN__0,BS_DFWFBYSN
DG__BS_DGG7YE8R__0,BS_DGG7YE8R
DG__BS_DGTPWJ59__0,BS_DGTPWJ59
DG__BS_DH86PF5A__0,BS_DH86PF5A
DG__BS_DHA5FMVW__0,BS_DHA5FMVW
DG__BS_DJEVCH34__0,BS_DJEVCH34
DG__BS_DMBNB0EP__0,BS_DMBNB0EP
DG__BS_DMZP9G1H__0,BS_DMZP9G1H
DG__BS_DPF1CX0G__0,BS_DPF1CX0G
DG__BS_DRD9QXR5__0,BS_DRD9QXR5
DG__BS_DRY58DTF__0,BS_DRY58DTF
DG__BS_DS438CXE__0,BS_DS438CXE
DG__BS_DSS3S5XD__0,BS_DSS3S5XD
DG__BS_DT92H1MJ__0,BS_DT92H1MJ
DG__BS_DV86M0Y7__0,BS_DV86M0Y7
DG__BS_DVCQ8XDZ__0,BS_DVCQ8XDZ
DG__BS_DVDT4VXQ__0,BS_DVDT4VXQ
DG__BS_DVQYQSVW__0,BS_DVQYQSVW
DG__BS_DW1CYEXP__0,BS_DW1CYEXP
DG__BS_DY88N5ZT__0,BS_DY88N5ZT
DG__BS_DY9NTFQR__0,BS_DY9NTFQR
DG__BS_E054DFJN__0,BS_E054DFJN
DG__BS_E0AAK0V0__0,BS_E0AAK0V0
DG__BS_E0N3PTPN__0,BS_E0N3PTPN
DG__BS_E0S2Y0TS__0,BS_E0S2Y0TS
DG__BS_E1CGF3KV__0,BS_E1CGF3KV
DG__BS_E1VJCEWB__0,BS_E1VJCEWB
DG__BS_E2RXQ3JW__0,BS_E2RXQ3JW
DG__BS_E2Z940S4__0,BS_E2Z940S4
DG__BS_E3BAT4C1__0,BS_E3BAT4C1
DG__BS_E3EJHXQV__0,BS_E3EJHXQV
DG__BS_E42SSQGJ__0,BS_E42SSQGJ
DG__BS_E4F1D721__0,BS_E4F1D721
DG__BS_E4GC9EXR__0,BS_E4GC9EXR
DG__BS_E4QK839R__0,BS_E4QK839R
DG__BS_E5B2YZJH__0,BS_E5B2YZJH
DG__BS_E5H6CFYT__0,BS_E5H6CFYT
DG__BS_E60JZ9Z3__0,BS_E60JZ9Z3
DG__BS_E7HEQZ1K__0,BS_E7HEQZ1K
DG__BS_E8MC6R2K__0,BS_E8MC6R2K
DG__BS_E8SJ36A6__0,BS_E8SJ36A6
DG__BS_E94QRJDW__0,BS_E94QRJDW
DG__BS_E9ATGWME__0,BS_E9ATGWME
DG__BS_E9M7TDB6__0,BS_E9M7TDB6
DG__BS_EBMCTR80__0,BS_EBMCTR80
DG__BS_EDCQ4M0R__0,BS_EDCQ4M0R
DG__BS_EDZCAHR2__0,BS_EDZCAHR2
DG__BS_EE73VE7V__0,BS_EE73VE7V
DG__BS_EF775B3K__0,BS_EF775B3K
DG__BS_EFBBP9H3__0,BS_EFBBP9H3
DG__BS_EFE4YEK3__0,BS_EFE4YEK3
DG__BS_EFEZB0ZH__0,BS_EFEZB0ZH
DG__BS_EHBH0NYX__0,BS_EHBH0NYX
DG__BS_EHVYJAVA__0,BS_EHVYJAVA
DG__BS_EJ1H9PZY__0,BS_EJ1H9PZY
DG__BS_EJ9JKM1C__0,BS_EJ9JKM1C
DG__BS_EJV0N3BX__0,BS_EJV0N3BX
DG__BS_EK5PCKY0__0,BS_EK5PCKY0
DG__BS_EKR4NSNW__0,BS_EKR4NSNW
DG__BS_EMMF4PZX__0,BS_EMMF4PZX
DG__BS_EMYET8F4__0,BS_EMYET8F4
DG__BS_EN2VK7NY__0,BS_EN2VK7NY
DG__BS_ENKG5GF3__0,BS_ENKG5GF3
DG__BS_EP25TTAG__0,BS_EP25TTAG
DG__BS_EPM623G4__0,BS_EPM623G4
DG__BS_EQE19CB0__0,BS_EQE19CB0
DG__BS_ERAWW3H7__0,BS_ERAWW3H7
DG__BS_ERFMPQN3__0,BS_ERFMPQN3
DG__BS_ERJAJ0KA__0,BS_ERJAJ0KA
DG__BS_ERMGD2N5__0,BS_ERMGD2N5
DG__BS_ERWT0ZWE__0,BS_ERWT0ZWE
DG__BS_ET8CJXSF__0,BS_ET8CJXSF
DG__BS_ETTZM63Y__0,BS_ETTZM63Y
DG__BS_EVCAC3NH__0,BS_EVCAC3NH
DG__BS_EXGBH3TD__0,BS_EXGBH3TD
DG__BS_EXTEGB51__0,BS_EXTEGB51
DG__BS_EXYHZ6D4__0,BS_EXYHZ6D4
DG__BS_EYSS0ZDS__0,BS_EYSS0ZDS
DG__BS_EYYMKWB7__0,BS_EYYMKWB7
DG__BS_EZ3147MX__0,BS_EZ3147MX
DG__BS_F064HMTP__0,BS_F064HMTP
DG__BS_F0GNWEJJ__0,BS_F0GNWEJJ
DG__BS_F0JB4EAK__0,BS_F0JB4EAK
DG__BS_F1B71HTZ__0,BS_F1B71HTZ
DG__BS_F48RA7QF__0,BS_F48RA7QF
DG__BS_F4D169Q7__0,BS_F4D169Q7
DG__BS_F4E8R9VY__0,BS_F4E8R9VY
DG__BS_F5641KTR__0,BS_F5641KTR
DG__BS_F5BZSF3Q__0,BS_F5BZSF3Q
DG__BS_F5KRHGKC__0,BS_F5KRHGKC
DG__BS_F5V8CWXT__0,BS_F5V8CWXT
DG__BS_F6V1Y4QS__0,BS_F6V1Y4QS
DG__BS_F6Z5HFWH__0,BS_F6Z5HFWH
DG__BS_F7KYPE79__0,BS_F7KYPE79
DG__BS_F8K4VQMF__0,BS_F8K4VQMF
DG__BS_F8KR1QWE__0,BS_F8KR1QWE
DG__BS_F8N6CFQE__0,BS_F8N6CFQE
DG__BS_F969DNHD__0,BS_F969DNHD
DG__BS_F9WKPDFG__0,BS_F9WKPDFG
DG__BS_F9ZTZ4YS__0,BS_F9ZTZ4YS
DG__BS_FAQQ0GCQ__0,BS_FAQQ0GCQ
DG__BS_FAVRBEW7__0,BS_FAVRBEW7
DG__BS_FBJ516WW__0,BS_FBJ516WW
DG__BS_FBJ5Q54N__0,BS_FBJ5Q54N
DG__BS_FBP5NZNR__0,BS_FBP5NZNR
DG__BS_FCAKKZ20__0,BS_FCAKKZ20
DG__BS_FCDAH728__0,BS_FCDAH728
DG__BS_FCXEAPJ1__0,BS_FCXEAPJ1
DG__BS_FEPRNEXX__0,BS_FEPRNEXX
DG__BS_FEV5A0HN__0,BS_FEV5A0HN
DG__BS_FEYMKEK8__0,BS_FEYMKEK8
DG__BS_FF73TT6D__0,BS_FF73TT6D
DG__BS_FFD25TTK__0,BS_FFD25TTK
DG__BS_FG649AWK__0,BS_FG649AWK
DG__BS_FHE6Z73G__0,BS_FHE6Z73G
DG__BS_FHFVCQ41__0,BS_FHFVCQ41
DG__BS_FJEBFQHG__0,BS_FJEBFQHG
DG__BS_FJEZ3ASV__0,BS_FJEZ3ASV
DG__BS_FJWZ3M7V__0,BS_FJWZ3M7V
DG__BS_FJZPQZ2C__0,BS_FJZPQZ2C
DG__BS_FK3B5SDH__0,BS_FK3B5SDH
DG__BS_FKDQJJB5__0,BS_FKDQJJB5
DG__BS_FKQ7F6D1__0,BS_FKQ7F6D1
DG__BS_FN07P04C__0,BS_FN07P04C
DG__BS_FNF1TCSW__0,BS_FNF1TCSW
DG__BS_FNM4BB83__0,BS_FNM4BB83
DG__BS_FQ2ZBMPA__0,BS_FQ2ZBMPA
DG__BS_FQX1PRAJ__0,BS_FQX1PRAJ
DG__BS_FRM9TG02__0,BS_FRM9TG02
DG__BS_FRZ76GEG__0,BS_FRZ76GEG
DG__BS_FSM39DXA__0,BS_FSM39DXA
DG__BS_FT95T4YP__0,BS_FT95T4YP
DG__BS_FTKPQ5FZ__0,BS_FTKPQ5FZ
DG__BS_FVPMPMRJ__0,BS_FVPMPMRJ
DG__BS_FVYBGMG1__0,BS_FVYBGMG1
DG__BS_FW5ECXXK__0,BS_FW5ECXXK
DG__BS_FWCKP4X1__0,BS_FWCKP4X1
DG__BS_FWMJPKCV__0,BS_FWMJPKCV
DG__BS_FWP8ZA4K__0,BS_FWP8ZA4K
DG__BS_FX2P2WEG__0,BS_FX2P2WEG
DG__BS_FXDY881S__0,BS_FXDY881S
DG__BS_FXJY0MNH__0,BS_FXJY0MNH
DG__BS_FYJMNRGK__0,BS_FYJMNRGK
DG__BS_FYRDYBMZ__0,BS_FYRDYBMZ
DG__BS_G00FHF3Q__0,BS_G00FHF3Q
DG__BS_G12HNXYX__0,BS_G12HNXYX
DG__BS_G16NM5WJ__0,BS_G16NM5WJ
DG__BS_G1Y281HX__0,BS_G1Y281HX
DG__BS_G2016BE5__0,BS_G2016BE5
DG__BS_G23JJAZY__0,BS_G23JJAZY
DG__BS_G3NN392N__0,BS_G3NN392N
DG__BS_G3RJTBZD__0,BS_G3RJTBZD
DG__BS_G4EX0H98__0,BS_G4EX0H98
DG__BS_G5QBBHDV__0,BS_G5QBBHDV
DG__BS_G61CN2V0__0,BS_G61CN2V0
DG__BS_G63HYD6N__0,BS_G63HYD6N
DG__BS_G7AGNB5G__0,BS_G7AGNB5G
DG__BS_G9MQM1KK__0,BS_G9MQM1KK
DG__BS_G9XE3N9T__0,BS_G9XE3N9T
DG__BS_GAA327FP__0,BS_GAA327FP
DG__BS_GAGRGSSX__0,BS_GAGRGSSX
DG__BS_GBT44HST__0,BS_GBT44HST
DG__BS_GC3CH9TY__0,BS_GC3CH9TY
DG__BS_GCA4GET3__0,BS_GCA4GET3
DG__BS_GCQEB05M__0,BS_GCQEB05M
DG__BS_GCQFGDTX__0,BS_GCQFGDTX
DG__BS_GDHH6T5A__0,BS_GDHH6T5A
DG__BS_GDPZN3SD__0,BS_GDPZN3SD
DG__BS_GE2RVZE6__0,BS_GE2RVZE6
DG__BS_GFM6EA61__0,BS_GFM6EA61
DG__BS_GFS9JEE6__0,BS_GFS9JEE6
DG__BS_GG9W3J9Y__0,BS_GG9W3J9Y
DG__BS_GHNJ4CYC__0,BS_GHNJ4CYC
DG__BS_GJNCYABP__0,BS_GJNCYABP
DG__BS_GKN0B47F__0,BS_GKN0B47F
DG__BS_GKPVZXYP__0,BS_GKPVZXYP
DG__BS_GKXD33YH__0,BS_GKXD33YH
DG__BS_GM9Y3AZ5__0,BS_GM9Y3AZ5
DG__BS_GMDQK06Q__0,BS_GMDQK06Q
DG__BS_GMJBGBWB__0,BS_GMJBGBWB
DG__BS_GMQZNQH8__0,BS_GMQZNQH8
DG__BS_GNV89A5P__0,BS_GNV89A5P
DG__BS_GR46VD0Q__0,BS_GR46VD0Q
DG__BS_GRECE8Q9__0,BS_GRECE8Q9
DG__BS_GRS3T427__0,BS_GRS3T427
DG__BS_GS1KR5PK__0,BS_GS1KR5PK
DG__BS_GS9JCK55__0,BS_GS9JCK55
DG__BS_GSVCN2XC__0,BS_GSVCN2XC
DG__BS_GTAJFTTR__0,BS_GTAJFTTR
DG__BS_GTZCFGRZ__0,BS_GTZCFGRZ
DG__BS_GV3NZ9QD__0,BS_GV3NZ9QD
DG__BS_GW0GKWMS__0,BS_GW0GKWMS
DG__BS_GWCRMKE6__0,BS_GWCRMKE6
DG__BS_GWPJKM7G__0,BS_GWPJKM7G
DG__BS_GWSJ4Z9H__0,BS_GWSJ4Z9H
DG__BS_GXACEYKB__0,BS_GXACEYKB
DG__BS_GXTFW99H__0,BS_GXTFW99H
DG__BS_GYA4V1RD__0,BS_GYA4V1RD
DG__BS_GYXSDZ56__0,BS_GYXSDZ56
DG__BS_H0638GZT__0,BS_H0638GZT
DG__BS_H0QWRJE2__0,BS_H0QWRJE2
DG__BS_H174820R__0,BS_H174820R
DG__BS_H1K33JVK__0,BS_H1K33JVK
DG__BS_H1MNXNHB__0,BS_H1MNXNHB
DG__BS_H1XPVS9A__0,BS_H1XPVS9A
DG__BS_H1ZS5FMZ__0,BS_H1ZS5FMZ
DG__BS_H2K7XX4X__0,BS_H2K7XX4X
DG__BS_H3FE3TH9__0,BS_H3FE3TH9
DG__BS_H3TYF6GD__0,BS_H3TYF6GD
DG__BS_H3Y8FWHV__0,BS_H3Y8FWHV
DG__BS_H4B5Y6S0__0,BS_H4B5Y6S0
DG__BS_H4NXBD2D__0,BS_H4NXBD2D
DG__BS_H50HR85Y__0,BS_H50HR85Y
DG__BS_H83DTMT2__0,BS_H83DTMT2
DG__BS_H8A9PSYA__0,BS_H8A9PSYA
DG__BS_H8E4K1DT__0,BS_H8E4K1DT
DG__BS_H8MAKDRB__0,BS_H8MAKDRB
DG__BS_H8NWA41N__0,BS_H8NWA41N
DG__BS_H97S5SQN__0,BS_H97S5SQN
DG__BS_HA20Y4XY__0,BS_HA20Y4XY
DG__BS_HB03GSHF__0,BS_HB03GSHF
DG__BS_HBAKYKQM__0,BS_HBAKYKQM
DG__BS_HBJZR69P__0,BS_HBJZR69P
DG__BS_HC44ZA0V__0,BS_HC44ZA0V
DG__BS_HC4T1EEP__0,BS_HC4T1EEP
DG__BS_HC5M8JTC__0,BS_HC5M8JTC
DG__BS_HCP5C912__0,BS_HCP5C912
DG__BS_HD4EJYE3__0,BS_HD4EJYE3
DG__BS_HE0WJRW6__0,BS_HE0WJRW6
DG__BS_HE57E1RP__0,BS_HE57E1RP
DG__BS_HEJ72V3F__0,BS_HEJ72V3F
DG__BS_HF3RNN2T__0,BS_HF3RNN2T
DG__BS_HGP0PV0D__0,BS_HGP0PV0D
DG__BS_HHPA8NJ2__0,BS_HHPA8NJ2
DG__BS_HJ95JNFN__0,BS_HJ95JNFN
DG__BS_HJRTC9JQ__0,BS_HJRTC9JQ
DG__BS_HKZENFDA__0,BS_HKZENFDA
DG__BS_HM5GFJN8__0,BS_HM5GFJN8
DG__BS_HM5N78GV__0,BS_HM5N78GV
DG__BS_HN8DE43A__0,BS_HN8DE43A
DG__BS_HNE6BPMH__0,BS_HNE6BPMH
DG__BS_HPMX6CT4__0,BS_HPMX6CT4
DG__BS_HQ5BJ6MW__0,BS_HQ5BJ6MW
DG__BS_HQFNQHVW__0,BS_HQFNQHVW
DG__BS_HSHN8PBB__0,BS_HSHN8PBB
DG__BS_HSYF7G2D__0,BS_HSYF7G2D
DG__BS_HTEPAKCM__0,BS_HTEPAKCM
DG__BS_HTGDSPQA__0,BS_HTGDSPQA
DG__BS_HV8PFRBR__0,BS_HV8PFRBR
DG__BS_HW4J7JM8__0,BS_HW4J7JM8
DG__BS_HW4MYBZ2__0,BS_HW4MYBZ2
DG__BS_HWGWYCY7__0,BS_HWGWYCY7
DG__BS_HX0S30NE__0,BS_HX0S30NE
DG__BS_HYKV2TH9__0,BS_HYKV2TH9
DG__BS_HZ707C55__0,BS_HZ707C55
DG__BS_HZE3KYZ1__0,BS_HZE3KYZ1
DG__BS_HZHEF797__0,BS_HZHEF797
DG__BS_HZNKSQ17__0,BS_HZNKSQ17
DG__BS_HZRM07TW__0,BS_HZRM07TW
DG__BS_HZV4WDTB__0,BS_HZV4WDTB
DG__BS_J037K4BM__0,BS_J037K4BM
DG__BS_J1AB8PMA__0,BS_J1AB8PMA
DG__BS_J33YVP27__0,BS_J33YVP27
DG__BS_J483EMFP__0,BS_J483EMFP
DG__BS_J4E9SW51__0,BS_J4E9SW51
DG__BS_J4GQPZS0__0,BS_J4GQPZS0
DG__BS_J52D4XQY__0,BS_J52D4XQY
DG__BS_J5J0EA7Y__0,BS_J5J0EA7Y
DG__BS_J60G8DMK__0,BS_J60G8DMK
DG__BS_J6VKB1VE__0,BS_J6VKB1VE
DG__BS_J6VRW67C__0,BS_J6VRW67C
DG__BS_J70GK8SM__0,BS_J70GK8SM
DG__BS_J71N7D09__0,BS_J71N7D09
DG__BS_J8EH1N7V__0,BS_J8EH1N7V
DG__BS_J8EK6RNF__0,BS_J8EK6RNF
DG__BS_J8G4SH4Z__0,BS_J8G4SH4Z
DG__BS_J8VX4D17__0,BS_J8VX4D17
DG__BS_JA3XXP1Y__0,BS_JA3XXP1Y
DG__BS_JAEM78XS__0,BS_JAEM78XS
DG__BS_JB3J82ZK__0,BS_JB3J82ZK
DG__BS_JB43XBCQ__0,BS_JB43XBCQ
DG__BS_JBGZ7HHZ__0,BS_JBGZ7HHZ
DG__BS_JBHQ6G3J__0,BS_JBHQ6G3J
DG__BS_JBY9S5D4__0,BS_JBY9S5D4
DG__BS_JC2187NA__0,BS_JC2187NA
DG__BS_JC8YV5V9__0,BS_JC8YV5V9
DG__BS_JCPKYHKY__0,BS_JCPKYHKY
DG__BS_JCWD4DMA__0,BS_JCWD4DMA
DG__BS_JDMM2XG4__0,BS_JDMM2XG4
DG__BS_JDS0SYST__0,BS_JDS0SYST
DG__BS_JE1DF581__0,BS_JE1DF581
DG__BS_JFB984RG__0,BS_JFB984RG
DG__BS_JFEZA9KE__0,BS_JFEZA9KE
DG__BS_JFR750KD__0,BS_JFR750KD
DG__BS_JG9JZTA9__0,BS_JG9JZTA9
DG__BS_JGA9BP3A__0,BS_JGA9BP3A
DG__BS_JGKRN7NA__0,BS_JGKRN7NA
DG__BS_JGPR9SR2__0,BS_JGPR9SR2
DG__BS_JH29M4KG__0,BS_JH29M4KG
DG__BS_JHGFJR3D__0,BS_JHGFJR3D
DG__BS_JHGW42S6__0,BS_JHGW42S6
DG__BS_JJNSP29S__0,BS_JJNSP29S
DG__BS_JJWC13GG__0,BS_JJWC13GG
DG__BS_JJZPY3BG__0,BS_JJZPY3BG
DG__BS_JK0VPG1T__0,BS_JK0VPG1T
DG__BS_JK5GTHVG__0,BS_JK5GTHVG
DG__BS_JKXA3FQC__0,BS_JKXA3FQC
DG__BS_JM979K1M__0,BS_JM979K1M
DG__BS_JMHG7GCN__0,BS_JMHG7GCN
DG__BS_JNS7Q60A__0,BS_JNS7Q60A
DG__BS_JQNF0FQP__0,BS_JQNF0FQP
DG__BS_JQVAWTTM__0,BS_JQVAWTTM
DG__BS_JR56RQDC__0,BS_JR56RQDC
DG__BS_JR5ATB7G__0,BS_JR5ATB7G
DG__BS_JRFVST47__0,BS_JRFVST47
DG__BS_JRYJGYC4__0,BS_JRYJGYC4
DG__BS_JS95PE0J__0,BS_JS95PE0J
DG__BS_JSMAT49K__0,BS_JSMAT49K
DG__BS_JSNJZERZ__0,BS_JSNJZERZ
DG__BS_JSPR854S__0,BS_JSPR854S
DG__BS_JT82QGXF__0,BS_JT82QGXF
DG__BS_JTBM5TSE__0,BS_JTBM5TSE
DG__BS_JTMXAMB7__0,BS_JTMXAMB7
DG__BS_JVA2NQFF__0,BS_JVA2NQFF
DG__BS_JVTQD8HH__0,BS_JVTQD8HH
DG__BS_JVW2JJ39__0,BS_JVW2JJ39
DG__BS_JWCX8R17__0,BS_JWCX8R17
DG__BS_JWSR581E__0,BS_JWSR581E
DG__BS_JX1PK0VW__0,BS_JX1PK0VW
DG__BS_JX449BF5__0,BS_JX449BF5
DG__BS_JX7S9MY7__0,BS_JX7S9MY7
DG__BS_JXNZYGCR__0,BS_JXNZYGCR
DG__BS_JZRM1S3T__0,BS_JZRM1S3T
DG__BS_K049HVGR__0,BS_K049HVGR
DG__BS_K07KNTFY__0,BS_K07KNTFY
DG__BS_K17VQECG__0,BS_K17VQECG
DG__BS_K25F4J3V__0,BS_K25F4J3V
DG__BS_K2FHZGTK__0,BS_K2FHZGTK
DG__BS_K2VYFVKZ__0,BS_K2VYFVKZ
DG__BS_K3ER45RV__0,BS_K3ER45RV
DG__BS_K3PPH522__0,BS_K3PPH522
DG__BS_K3Y06EKR__0,BS_K3Y06EKR
DG__BS_K3YT05M7__0,BS_K3YT05M7
DG__BS_K5802F84__0,BS_K5802F84
DG__BS_K6A9Z04J__0,BS_K6A9Z04J
DG__BS_K6BMXTW5__0,BS_K6BMXTW5
DG__BS_K74PZET7__0,BS_K74PZET7
DG__BS_K7MVS0Z7__0,BS_K7MVS0Z7
DG__BS_K81DR8XG__0,BS_K81DR8XG
DG__BS_K89V7JNJ__0,BS_K89V7JNJ
DG__BS_KABQQA0T__0,BS_KABQQA0T
DG__BS_KAD49R68__0,BS_KAD49R68
DG__BS_KAZENYZE__0,BS_KAZENYZE
DG__BS_KB9GJDCS__0,BS_KB9GJDCS
DG__BS_KBEX4RT2__0,BS_KBEX4RT2
DG__BS_KBPBCWA0__0,BS_KBPBCWA0
DG__BS_KBT7MQ6H__0,BS_KBT7MQ6H
DG__BS_KCN7NG92__0,BS_KCN7NG92
DG__BS_KDSTG5YY__0,BS_KDSTG5YY
DG__BS_KE56MMY0__0,BS_KE56MMY0
DG__BS_KEA474HN__0,BS_KEA474HN
DG__BS_KF0ZXDER__0,BS_KF0ZXDER
DG__BS_KFRBXXV7__0,BS_KFRBXXV7
DG__BS_KG1YMTA4__0,BS_KG1YMTA4
DG__BS_KH0NFCWF__0,BS_KH0NFCWF
DG__BS_KH3859M5__0,BS_KH3859M5
DG__BS_KHSYAB3J__0,BS_KHSYAB3J
DG__BS_KJQXZ8GK__0,BS_KJQXZ8GK
DG__BS_KJTW1RBN__0,BS_KJTW1RBN
DG__BS_KK0JWATQ__0,BS_KK0JWATQ
DG__BS_KK5C8VCK__0,BS_KK5C8VCK
DG__BS_KKWQW01N__0,BS_KKWQW01N
DG__BS_KM2EX0K6__0,BS_KM2EX0K6
DG__BS_KM878Y43__0,BS_KM878Y43
DG__BS_KN92S7YQ__0,BS_KN92S7YQ
DG__BS_KND4B5CW__0,BS_KND4B5CW
DG__BS_KP0YNTAK__0,BS_KP0YNTAK
DG__BS_KP735TJ6__0,BS_KP735TJ6
DG__BS_KPG4WCHS__0,BS_KPG4WCHS
DG__BS_KPT2WPHW__0,BS_KPT2WPHW
DG__BS_KPWRDRFP__0,BS_KPWRDRFP
DG__BS_KQ6ZW085__0,BS_KQ6ZW085
DG__BS_KR4MP5ET__0,BS_KR4MP5ET
DG__BS_KRYYDC2X__0,BS_KRYYDC2X
DG__BS_KSHETTQC__0,BS_KSHETTQC
DG__BS_KSRYKCDE__0,BS_KSRYKCDE
DG__BS_KT9H4B1N__0,BS_KT9H4B1N
DG__BS_KV3XF9WV__0,BS_KV3XF9WV
DG__BS_KVAJYZ6F__0,BS_KVAJYZ6F
DG__BS_KVNGNETA__0,BS_KVNGNETA
DG__BS_KVV3G6NP__0,BS_KVV3G6NP
DG__BS_KVV7001W__0,BS_KVV7001W
DG__BS_KVYCH9PB__0,BS_KVYCH9PB
DG__BS_KX6J8TRK__0,BS_KX6J8TRK
DG__BS_KXCY5BN5__0,BS_KXCY5BN5
DG__BS_KXGJ1HMG__0,BS_KXGJ1HMG
DG__BS_KXH37MPN__0,BS_KXH37MPN
DG__BS_KXMYBQ6N__0,BS_KXMYBQ6N
DG__BS_KY1CTGJ3__0,BS_KY1CTGJ3
DG__BS_KYF0Q0E7__0,BS_KYF0Q0E7
DG__BS_KYG3H6C6__0,BS_KYG3H6C6
DG__BS_KYPMZZSY__0,BS_KYPMZZSY
DG__BS_KYPZRS4S__0,BS_KYPZRS4S
DG__BS_KZPR01BD__0,BS_KZPR01BD
DG__BS_M026T44Q__0,BS_M026T44Q
DG__BS_M0B42FPR__0,BS_M0B42FPR
DG__BS_M0QYNVK8__0,BS_M0QYNVK8
DG__BS_M15PW2N0__0,BS_M15PW2N0
DG__BS_M16CDR44__0,BS_M16CDR44
DG__BS_M18CDDGK__0,BS_M18CDDGK
DG__BS_M1PVEHCM__0,BS_M1PVEHCM
DG__BS_M1T1K5WV__0,BS_M1T1K5WV
DG__BS_M1TDS9CT__0,BS_M1TDS9CT
DG__BS_M1YHV93N__0,BS_M1YHV93N
DG__BS_M28HG0NT__0,BS_M28HG0NT
DG__BS_M2MSWKBC__0,BS_M2MSWKBC
DG__BS_M4923M40__0,BS_M4923M40
DG__BS_M4E4H6NG__0,BS_M4E4H6NG
DG__BS_M4NVX721__0,BS_M4NVX721
DG__BS_M4TTKPNR__0,BS_M4TTKPNR
DG__BS_M5FM63EB__0,BS_M5FM63EB
DG__BS_M659G06J__0,BS_M659G06J
DG__BS_M7HCF7DW__0,BS_M7HCF7DW
DG__BS_M7QJ8VF0__0,BS_M7QJ8VF0
DG__BS_M85CXHDV__0,BS_M85CXHDV
DG__BS_M86ECPHK__0,BS_M86ECPHK
DG__BS_M8EA6R2A__0,BS_M8EA6R2A
DG__BS_M8EBKZDG__0,BS_M8EBKZDG
DG__BS_M8M56Z4Y__0,BS_M8M56Z4Y
DG__BS_M8WP5T16__0,BS_M8WP5T16
DG__BS_M9C4RY4P__0,BS_M9C4RY4P
DG__BS_M9YZK3SP__0,BS_M9YZK3SP
DG__BS_MA1A3GY0__0,BS_MA1A3GY0
DG__BS_MA2T7ET1__0,BS_MA2T7ET1
DG__BS_MAVSJH2Y__0,BS_MAVSJH2Y
DG__BS_MB7WN0ZB__0,BS_MB7WN0ZB
DG__BS_MBSTWZA6__0,BS_MBSTWZA6
DG__BS_MBYEK6HV__0,BS_MBYEK6HV
DG__BS_MCM78YPC__0,BS_MCM78YPC
DG__BS_MD3DT41J__0,BS_MD3DT41J
DG__BS_MDBT7S5Z__0,BS_MDBT7S5Z
DG__BS_MDVMT75X__0,BS_MDVMT75X
DG__BS_ME3HKN2C__0,BS_ME3HKN2C
DG__BS_ME97J1GA__0,BS_ME97J1GA
DG__BS_MEPW36WF__0,BS_MEPW36WF
DG__BS_MF47B9ZW__0,BS_MF47B9ZW
DG__BS_MF9X3PKH__0,BS_MF9X3PKH
DG__BS_MFTAVQ5C__0,BS_MFTAVQ5C
DG__BS_MGAMKKBD__0,BS_MGAMKKBD
DG__BS_MGBEMNYR__0,BS_MGBEMNYR
DG__BS_MGY2V5N4__0,BS_MGY2V5N4
DG__BS_MHT5C2AP__0,BS_MHT5C2AP
DG__BS_MJ8EGM54__0,BS_MJ8EGM54
DG__BS_MJJZJMTK__0,BS_MJJZJMTK
DG__BS_MKM0EEN1__0,BS_MKM0EEN1
DG__BS_MKP2Y41Z__0,BS_MKP2Y41Z
DG__BS_MM20BVW9__0,BS_MM20BVW9
DG__BS_MMNRZ1EQ__0,BS_MMNRZ1EQ
DG__BS_MN5XVP5A__0,BS_MN5XVP5A
DG__BS_MQCKXD60__0,BS_MQCKXD60
DG__BS_MRX1SPFB__0,BS_MRX1SPFB
DG__BS_MS87PMR7__0,BS_MS87PMR7
DG__BS_MSB1RDAJ__0,BS_MSB1RDAJ
DG__BS_MSGYZ69T__0,BS_MSGYZ69T
DG__BS_MT15SGJN__0,BS_MT15SGJN
DG__BS_MT5ZSRG4__0,BS_MT5ZSRG4
DG__BS_MV6ASWV9__0,BS_MV6ASWV9
DG__BS_MVC1NCZX__0,BS_MVC1NCZX
DG__BS_MVW01FPB__0,BS_MVW01FPB
DG__BS_MW16Y7ME__0,BS_MW16Y7ME
DG__BS_MW63FCZC__0,BS_MW63FCZC
DG__BS_MW6YMRBJ__0,BS_MW6YMRBJ
DG__BS_MW74GF38__0,BS_MW74GF38
DG__BS_MWKJF6XH__0,BS_MWKJF6XH
DG__BS_MWWZBQ60__0,BS_MWWZBQ60
DG__BS_MWXDJFWW__0,BS_MWXDJFWW
DG__BS_MWZCP1XW__0,BS_MWZCP1XW
DG__BS_MX23ZY0Y__0,BS_MX23ZY0Y
DG__BS_MY9D8XZ1__0,BS_MY9D8XZ1
DG__BS_MZB884N9__0,BS_MZB884N9
DG__BS_MZJJRDZF__0,BS_MZJJRDZF
DG__BS_N0877CX1__0,BS_N0877CX1
DG__BS_N0Z6V2YG__0,BS_N0Z6V2YG
DG__BS_N1E0H8YQ__0,BS_N1E0H8YQ
DG__BS_N210XMKR__0,BS_N210XMKR
DG__BS_N2JD3VX6__0,BS_N2JD3VX6
DG__BS_N4B1SZZH__0,BS_N4B1SZZH
DG__BS_N4B3WB8W__0,BS_N4B3WB8W
DG__BS_N5B2CZMH__0,BS_N5B2CZMH
DG__BS_N5DVEJXT__0,BS_N5DVEJXT
DG__BS_N5VYY66W__0,BS_N5VYY66W
DG__BS_N6N147BY__0,BS_N6N147BY
DG__BS_N6NE6B3W__0,BS_N6NE6B3W
DG__BS_N8D9FH6M__0,BS_N8D9FH6M
DG__BS_N8J1DP02__0,BS_N8J1DP02
DG__BS_N8WXTFN4__0,BS_N8WXTFN4
DG__BS_N9BF56FP__0,BS_N9BF56FP
DG__BS_N9N1X78X__0,BS_N9N1X78X
DG__BS_N9SMBR24__0,BS_N9SMBR24
DG__BS_NASADC3P__0,BS_NASADC3P
DG__BS_NB42PWZN__0,BS_NB42PWZN
DG__BS_NB509KST__0,BS_NB509KST
DG__BS_NB5XWMJT__0,BS_NB5XWMJT
DG__BS_NB9XXBW6__0,BS_NB9XXBW6
DG__BS_NCGGFG6H__0,BS_NCGGFG6H
DG__BS_NDC69214__0,BS_NDC69214
DG__BS_NDFDQBCZ__0,BS_NDFDQBCZ
DG__BS_NDN62H0S__0,BS_NDN62H0S
DG__BS_NDRDM2A9__0,BS_NDRDM2A9
DG__BS_NDSWS9TS__0,BS_NDSWS9TS
DG__BS_NEVYM2FP__0,BS_NEVYM2FP
DG__BS_NEX92KQH__0,BS_NEX92KQH
DG__BS_NFRXNAFE__0,BS_NFRXNAFE
DG__BS_NFT9VHMJ__0,BS_NFT9VHMJ
DG__BS_NG0CR0EP__0,BS_NG0CR0EP
DG__BS_NGHK9RZP__0,BS_NGHK9RZP
DG__BS_NGSG2KB6__0,BS_NGSG2KB6
DG__BS_NGY0TE6S__0,BS_NGY0TE6S
DG__BS_NH7K4CD9__0,BS_NH7K4CD9
DG__BS_NHMPQ8Q1__0,BS_NHMPQ8Q1
DG__BS_NHRNZRQV__0,BS_NHRNZRQV
DG__BS_NJ4WPQVK__0,BS_NJ4WPQVK
DG__BS_NJFK43N3__0,BS_NJFK43N3
DG__BS_NJV6A585__0,BS_NJV6A585
DG__BS_NKEAAFMW__0,BS_NKEAAFMW
DG__BS_NKRYMHEP__0,BS_NKRYMHEP
DG__BS_NMJPX8VQ__0,BS_NMJPX8VQ
DG__BS_NMQTPVFW__0,BS_NMQTPVFW
DG__BS_NNFDFAFM__0,BS_NNFDFAFM
DG__BS_NNPEC7W1__0,BS_NNPEC7W1
DG__BS_NPA6CZQF__0,BS_NPA6CZQF
DG__BS_NPQJ20KX__0,BS_NPQJ20KX
DG__BS_NQB91P48__0,BS_NQB91P48
DG__BS_NQFH3GZH__0,BS_NQFH3GZH
DG__BS_NR3P3GN2__0,BS_NR3P3GN2
DG__BS_NR9FRY5T__0,BS_NR9FRY5T
DG__BS_NRFQEQKP__0,BS_NRFQEQKP
DG__BS_NRPG5K4K__0,BS_NRPG5K4K
DG__BS_NS7GSHB9__0,BS_NS7GSHB9
DG__BS_NS8G0465__0,BS_NS8G0465
DG__BS_NT9NZYFD__0,BS_NT9NZYFD
DG__BS_NTXHP7QR__0,BS_NTXHP7QR
DG__BS_NVKGSMXS__0,BS_NVKGSMXS
DG__BS_NWYBD9CA__0,BS_NWYBD9CA
DG__BS_NXZSD2KK__0,BS_NXZSD2KK
DG__BS_NYS8TRCB__0,BS_NYS8TRCB
DG__BS_NYVVN7SD__0,BS_NYVVN7SD
DG__BS_NZ71XCG3__0,BS_NZ71XCG3
DG__BS_NZRJE7QA__0,BS_NZRJE7QA
DG__BS_P0KQFXNC__0,BS_P0KQFXNC
DG__BS_P0QF87WC__0,BS_P0QF87WC
DG__BS_P0QJ1QAH__0,BS_P0QJ1QAH
DG__BS_P0W5VJH4__0,BS_P0W5VJH4
DG__BS_P277RYX5__0,BS_P277RYX5
DG__BS_P36C0ABE__0,BS_P36C0ABE
DG__BS_P39SQPTS__0,BS_P39SQPTS
DG__BS_P3EVK3C2__0,BS_P3EVK3C2
DG__BS_P3KD5EQG__0,BS_P3KD5EQG
DG__BS_P3P96WCD__0,BS_P3P96WCD
DG__BS_P3PF53V8__0,BS_P3PF53V8
DG__BS_P42V737Y__0,BS_P42V737Y
DG__BS_P44PE00R__0,BS_P44PE00R
DG__BS_P4D8Y3S8__0,BS_P4D8Y3S8
DG__BS_P4K6WK9Y__0,BS_P4K6WK9Y
DG__BS_P4NX9MPA__0,BS_P4NX9MPA
DG__BS_P6NWC51S__0,BS_P6NWC51S
DG__BS_P78SMRBS__0,BS_P78SMRBS
DG__BS_P7CY04E7__0,BS_P7CY04E7
DG__BS_P7EY9DXG__0,BS_P7EY9DXG
DG__BS_P7VR731D__0,BS_P7VR731D
DG__BS_P8WN8XEQ__0,BS_P8WN8XEQ
DG__BS_P99S85CY__0,BS_P99S85CY
DG__BS_P9JP6JFA__0,BS_P9JP6JFA
DG__BS_PC2YQ4F6__0,BS_PC2YQ4F6
DG__BS_PDRNE606__0,BS_PDRNE606
DG__BS_PEDGRK8S__0,BS_PEDGRK8S
DG__BS_PEFRDKDZ__0,BS_PEFRDKDZ
DG__BS_PEP9NZXN__0,BS_PEP9NZXN
DG__BS_PFXDWV9R__0,BS_PFXDWV9R
DG__BS_PGHK1JRW__0,BS_PGHK1JRW
DG__BS_PGK832G2__0,BS_PGK832G2
DG__BS_PJ08ZW9A__0,BS_PJ08ZW9A
DG__BS_PJPGVD62__0,BS_PJPGVD62
DG__BS_PK18H7E7__0,BS_PK18H7E7
DG__BS_PKK3BZRG__0,BS_PKK3BZRG
DG__BS_PKW05VZV__0,BS_PKW05VZV
DG__BS_PKZ1HWNB__0,BS_PKZ1HWNB
DG__BS_PMFR8NPN__0,BS_PMFR8NPN
DG__BS_PMSZKZP7__0,BS_PMSZKZP7
DG__BS_PN2CE34A__0,BS_PN2CE34A
DG__BS_PNXDHDF3__0,BS_PNXDHDF3
DG__BS_PNYN0AYD__0,BS_PNYN0AYD
DG__BS_PP4WJBNR__0,BS_PP4WJBNR
DG__BS_PPY0EWPG__0,BS_PPY0EWPG
DG__BS_PQ6QEVE8__0,BS_PQ6QEVE8
DG__BS_PQ7CQFYR__0,BS_PQ7CQFYR
DG__BS_PQVTB6BB__0,BS_PQVTB6BB
DG__BS_PRAEF32W__0,BS_PRAEF32W
DG__BS_PRR8K9GE__0,BS_PRR8K9GE
DG__BS_PS0P3QJ3__0,BS_PS0P3QJ3
DG__BS_PSNBFWQV__0,BS_PSNBFWQV
DG__BS_PSW27ZTE__0,BS_PSW27ZTE
DG__BS_PV130A29__0,BS_PV130A29
DG__BS_PVYMDM18__0,BS_PVYMDM18
DG__BS_PVZJCXS1__0,BS_PVZJCXS1
DG__BS_PXCPK5XS__0,BS_PXCPK5XS
DG__BS_PYVPKH11__0,BS_PYVPKH11
DG__BS_PZDTK87A__0,BS_PZDTK87A
DG__BS_PZVHMSYN__0,BS_PZVHMSYN
DG__BS_Q0XBZP88__0,BS_Q0XBZP88
DG__BS_Q13FQ8FV__0,BS_Q13FQ8FV
DG__BS_Q2T9ZRM0__0,BS_Q2T9ZRM0
DG__BS_Q3ANJDVG__0,BS_Q3ANJDVG
DG__BS_Q3TBCK4V__0,BS_Q3TBCK4V
DG__BS_Q50P97Y0__0,BS_Q50P97Y0
DG__BS_Q5WZYWCT__0,BS_Q5WZYWCT
DG__BS_Q5XKTB1V__0,BS_Q5XKTB1V
DG__BS_Q6GVRAWK__0,BS_Q6GVRAWK
DG__BS_Q79NP5YY__0,BS_Q79NP5YY
DG__BS_Q807ENGY__0,BS_Q807ENGY
DG__BS_Q88059DJ__0,BS_Q88059DJ
DG__BS_Q9NHTR7G__0,BS_Q9NHTR7G
DG__BS_Q9V7A95C__0,BS_Q9V7A95C
DG__BS_QA0W86WP__0,BS_QA0W86WP
DG__BS_QAG1RDXN__0,BS_QAG1RDXN
DG__BS_QB7YGKN1__0,BS_QB7YGKN1
DG__BS_QB84TBA3__0,BS_QB84TBA3
DG__BS_QBR4WCQ2__0,BS_QBR4WCQ2
DG__BS_QBZDQX7A__0,BS_QBZDQX7A
DG__BS_QC3XCE6X__0,BS_QC3XCE6X
DG__BS_QC5FNXGH__0,BS_QC5FNXGH
DG__BS_QD22MJJ5__0,BS_QD22MJJ5
DG__BS_QDGHHS4S__0,BS_QDGHHS4S
DG__BS_QE5B0T7R__0,BS_QE5B0T7R
DG__BS_QE7WAAKC__0,BS_QE7WAAKC
DG__BS_QEYPFYHD__0,BS_QEYPFYHD
DG__BS_QF5VVZX5__0,BS_QF5VVZX5
DG__BS_QG6V29H7__0,BS_QG6V29H7
DG__BS_QGX93WPF__0,BS_QGX93WPF
DG__BS_QH82PBMB__0,BS_QH82PBMB
DG__BS_QHS3V0GP__0,BS_QHS3V0GP
DG__BS_QHTDJG77__0,BS_QHTDJG77
DG__BS_QK61ST4T__0,BS_QK61ST4T
DG__BS_QKT3TJVK__0,BS_QKT3TJVK
DG__BS_QM1Z8R38__0,BS_QM1Z8R38
DG__BS_QMG7XNEW__0,BS_QMG7XNEW
DG__BS_QMHND3QK__0,BS_QMHND3QK
DG__BS_QMY84KF4__0,BS_QMY84KF4
DG__BS_QNAQGAV6__0,BS_QNAQGAV6
DG__BS_QNNX91SM__0,BS_QNNX91SM
DG__BS_QP6MSKRE__0,BS_QP6MSKRE
DG__BS_QPPPGYP4__0,BS_QPPPGYP4
DG__BS_QQP17PDQ__0,BS_QQP17PDQ
DG__BS_QRDT19KS__0,BS_QRDT19KS
DG__BS_QRH793AV__0,BS_QRH793AV
DG__BS_QRNSKFMS__0,BS_QRNSKFMS
DG__BS_QSDKJM8T__0,BS_QSDKJM8T
DG__BS_QSMFVHSB__0,BS_QSMFVHSB
DG__BS_QSTAVWGE__0,BS_QSTAVWGE
DG__BS_QT3NZ2YZ__0,BS_QT3NZ2YZ
DG__BS_QTSXW7DA__0,BS_QTSXW7DA
DG__BS_QV51J756__0,BS_QV51J756
DG__BS_QW60M0FE__0,BS_QW60M0FE
DG__BS_QWM9BPDY__0,BS_QWM9BPDY
DG__BS_QWNBZ9RJ__0,BS_QWNBZ9RJ
DG__BS_QWS88QXE__0,BS_QWS88QXE
DG__BS_QWTE1CWR__0,BS_QWTE1CWR
DG__BS_QX12J6W1__0,BS_QX12J6W1
DG__BS_QX754ADQ__0,BS_QX754ADQ
DG__BS_QXKRN6CR__0,BS_QXKRN6CR
DG__BS_QXZTRMWM__0,BS_QXZTRMWM
DG__BS_QYPHA40N__0,BS_QYPHA40N
DG__BS_QYWGB52C__0,BS_QYWGB52C
DG__BS_QZFEB94Q__0,BS_QZFEB94Q
DG__BS_QZPGVNBB__0,BS_QZPGVNBB
DG__BS_QZRP3NSG__0,BS_QZRP3NSG
DG__BS_QZT3SPY7__0,BS_QZT3SPY7
DG__BS_QZTPJ8YW__0,BS_QZTPJ8YW
DG__BS_R13X6TMW__0,BS_R13X6TMW
DG__BS_R1CV479M__0,BS_R1CV479M
DG__BS_R1G6SG0K__0,BS_R1G6SG0K
DG__BS_R1RMKH1B__0,BS_R1RMKH1B
DG__BS_R1ZBTEAG__0,BS_R1ZBTEAG
DG__BS_R244Z0WX__0,BS_R244Z0WX
DG__BS_R3WB0PP7__0,BS_R3WB0PP7
DG__BS_R439VVPK__0,BS_R439VVPK
DG__BS_R4Y180DM__0,BS_R4Y180DM
DG__BS_R5G3QP11__0,BS_R5G3QP11
DG__BS_R5SNFB5B__0,BS_R5SNFB5B
DG__BS_R634WKN7__0,BS_R634WKN7
DG__BS_R6CKWZW6__0,BS_R6CKWZW6
DG__BS_R6WNEEE4__0,BS_R6WNEEE4
DG__BS_R726FKHP__0,BS_R726FKHP
DG__BS_R7HZCZ8B__0,BS_R7HZCZ8B
DG__BS_R7NTZR4C__0,BS_R7NTZR4C
DG__BS_R7YMKNJN__0,BS_R7YMKNJN
DG__BS_R82MYPKB__0,BS_R82MYPKB
DG__BS_R8ZKDFWH__0,BS_R8ZKDFWH
DG__BS_R913E3VB__0,BS_R913E3VB
DG__BS_R922P3XJ__0,BS_R922P3XJ
DG__BS_R94EDP5H__0,BS_R94EDP5H
DG__BS_R9B92M75__0,BS_R9B92M75
DG__BS_R9V82BC1__0,BS_R9V82BC1
DG__BS_RA0VCMWC__0,BS_RA0VCMWC
DG__BS_RB2S0KDF__0,BS_RB2S0KDF
DG__BS_RB8VSEVG__0,BS_RB8VSEVG
DG__BS_RCAZ62J7__0,BS_RCAZ62J7
DG__BS_RCC8BXVE__0,BS_RCC8BXVE
DG__BS_RCCN63K6__0,BS_RCCN63K6
DG__BS_RCFQ31XF__0,BS_RCFQ31XF
DG__BS_RD4D5F9F__0,BS_RD4D5F9F
DG__BS_RFMQ7T0T__0,BS_RFMQ7T0T
DG__BS_RG6JK7ZN__0,BS_RG6JK7ZN
DG__BS_RGPSEMHC__0,BS_RGPSEMHC
DG__BS_RGSJMSRE__0,BS_RGSJMSRE
DG__BS_RGSMX7QD__0,BS_RGSMX7QD
DG__BS_RH9PMH3G__0,BS_RH9PMH3G
DG__BS_RHD7XPNP__0,BS_RHD7XPNP
DG__BS_RHEBGZF8__0,BS_RHEBGZF8
DG__BS_RQ5Z7KNW__0,BS_RQ5Z7KNW
DG__BS_RQSKD7PN__0,BS_RQSKD7PN
DG__BS_RR12T74P__0,BS_RR12T74P
DG__BS_RR3DKGKY__0,BS_RR3DKGKY
DG__BS_RRAEQZ97__0,BS_RRAEQZ97
DG__BS_RSRPX3S8__0,BS_RSRPX3S8
DG__BS_RVSEDNJ4__0,BS_RVSEDNJ4
DG__BS_RWJZFTP9__0,BS_RWJZFTP9
DG__BS_RX1YTZ7F__0,BS_RX1YTZ7F
DG__BS_RXN5T5YT__0,BS_RXN5T5YT
DG__BS_RXP2ZRQT__0,BS_RXP2ZRQT
DG__BS_RXSBJ929__0,BS_RXSBJ929
DG__BS_RZNNEX1Y__0,BS_RZNNEX1Y
DG__BS_S0175QKX__0,BS_S0175QKX
DG__BS_S0T3CQ97__0,BS_S0T3CQ97
DG__BS_S1KK7XRH__0,BS_S1KK7XRH
DG__BS_S1M423AB__0,BS_S1M423AB
DG__BS_S2TA8R29__0,BS_S2TA8R29
DG__BS_S34SCYW4__0,BS_S34SCYW4
DG__BS_S458NMKH__0,BS_S458NMKH
DG__BS_S4V9E1XJ__0,BS_S4V9E1XJ
DG__BS_S50KQEXV__0,BS_S50KQEXV
DG__BS_S5P8VTN5__0,BS_S5P8VTN5
DG__BS_S69QZAJR__0,BS_S69QZAJR
DG__BS_S6NJRR5W__0,BS_S6NJRR5W
DG__BS_S6Q7NKA3__0,BS_S6Q7NKA3
DG__BS_S6S7SK3P__0,BS_S6S7SK3P
DG__BS_S71RJ8DH__0,BS_S71RJ8DH
DG__BS_S791VC80__0,BS_S791VC80
DG__BS_S7CZY2CH__0,BS_S7CZY2CH
DG__BS_S7S6YEHA__0,BS_S7S6YEHA
DG__BS_S88G7BXH__0,BS_S88G7BXH
DG__BS_S9929Z8B__0,BS_S9929Z8B
DG__BS_SAA624A4__0,BS_SAA624A4
DG__BS_SB12W1XT__0,BS_SB12W1XT
DG__BS_SBFNFZ8B__0,BS_SBFNFZ8B
DG__BS_SCQNN2A2__0,BS_SCQNN2A2
DG__BS_SD28E0SC__0,BS_SD28E0SC
DG__BS_SD8YBRBR__0,BS_SD8YBRBR
DG__BS_SDA4RMMG__0,BS_SDA4RMMG
DG__BS_SDCNP7MW__0,BS_SDCNP7MW
DG__BS_SDT1J3A7__0,BS_SDT1J3A7
DG__BS_SDZY6RZ3__0,BS_SDZY6RZ3
DG__BS_SE82EQF8__0,BS_SE82EQF8
DG__BS_SES41DAX__0,BS_SES41DAX
DG__BS_SFH8TGKT__0,BS_SFH8TGKT
DG__BS_SFKZSJN1__0,BS_SFKZSJN1
DG__BS_SFRQXM76__0,BS_SFRQXM76
DG__BS_SFZ3A07S__0,BS_SFZ3A07S
DG__BS_SHJA4MR0__0,BS_SHJA4MR0
DG__BS_SHMC4902__0,BS_SHMC4902
DG__BS_SK4H5MJQ__0,BS_SK4H5MJQ
DG__BS_SK949N33__0,BS_SK949N33
DG__BS_SKGJ5SY9__0,BS_SKGJ5SY9
DG__BS_SKRY0BJ4__0,BS_SKRY0BJ4
DG__BS_SM8VQFPD__0,BS_SM8VQFPD
DG__BS_SMCPASF0__0,BS_SMCPASF0
DG__BS_SNC5WMVN__0,BS_SNC5WMVN
DG__BS_SNVM7CZT__0,BS_SNVM7CZT
DG__BS_SQSH5G7A__0,BS_SQSH5G7A
DG__BS_SQX5E15Z__0,BS_SQX5E15Z
DG__BS_SSYNTXDC__0,BS_SSYNTXDC
DG__BS_ST3Z2B9B__0,BS_ST3Z2B9B
DG__BS_STNH7YSX__0,BS_STNH7YSX
DG__BS_SWHQ8FDW__0,BS_SWHQ8FDW
DG__BS_SXCZ3CXN__0,BS_SXCZ3CXN
DG__BS_SXRS2P6T__0,BS_SXRS2P6T
DG__BS_SYGKQD8M__0,BS_SYGKQD8M
DG__BS_SYWRCE3Z__0,BS_SYWRCE3Z
DG__BS_T0RKFEKR__0,BS_T0RKFEKR
DG__BS_T1DVKKJB__0,BS_T1DVKKJB
DG__BS_T1QMEH1N__0,BS_T1QMEH1N
DG__BS_T1SNKF50__0,BS_T1SNKF50
DG__BS_T1W4JA94__0,BS_T1W4JA94
DG__BS_T1YHK6B7__0,BS_T1YHK6B7
DG__BS_T2QPMZCM__0,BS_T2QPMZCM
DG__BS_T3DGY9J9__0,BS_T3DGY9J9
DG__BS_T3H5AY8A__0,BS_T3H5AY8A
DG__BS_T4JFN54G__0,BS_T4JFN54G
DG__BS_T4P3J13C__0,BS_T4P3J13C
DG__BS_T54TAE3R__0,BS_T54TAE3R
DG__BS_T55Y4Z0Y__0,BS_T55Y4Z0Y
DG__BS_T5HPW4Z0__0,BS_T5HPW4Z0
DG__BS_T5T21G7N__0,BS_T5T21G7N
DG__BS_T7WMJ08W__0,BS_T7WMJ08W
DG__BS_T8C13KNH__0,BS_T8C13KNH
DG__BS_T8TCEBB1__0,BS_T8TCEBB1
DG__BS_T97EP8H0__0,BS_T97EP8H0
DG__BS_T99M7842__0,BS_T99M7842
DG__BS_T9T3R2J0__0,BS_T9T3R2J0
DG__BS_TA9WP4TH__0,BS_TA9WP4TH
DG__BS_TAHV8N04__0,BS_TAHV8N04
DG__BS_TBWYAFSM__0,BS_TBWYAFSM
DG__BS_TCGEZJ5F__0,BS_TCGEZJ5F
DG__BS_TD1ZEQ7R__0,BS_TD1ZEQ7R
DG__BS_TDEFAPNH__0,BS_TDEFAPNH
DG__BS_TE0GVDNG__0,BS_TE0GVDNG
DG__BS_TE8QFF7T__0,BS_TE8QFF7T
DG__BS_TF5TTEXH__0,BS_TF5TTEXH
DG__BS_TF6H437Q__0,BS_TF6H437Q
DG__BS_TG93XC55__0,BS_TG93XC55
DG__BS_TGS109T3__0,BS_TGS109T3
DG__BS_TGW6HC4X__0,BS_TGW6HC4X
DG__BS_THH0CE5A__0,BS_THH0CE5A
DG__BS_THSPSG2Z__0,BS_THSPSG2Z
DG__BS_TJTEF70D__0,BS_TJTEF70D
DG__BS_TK84K675__0,BS_TK84K675
DG__BS_TM9MH0RP__0,BS_TM9MH0RP
DG__BS_TMTV769C__0,BS_TMTV769C
DG__BS_TNQKJZCP__0,BS_TNQKJZCP
DG__BS_TNRHHYNC__0,BS_TNRHHYNC
DG__BS_TPX7YY57__0,BS_TPX7YY57
DG__BS_TQ0J7WJQ__0,BS_TQ0J7WJQ
DG__BS_TQ5QHR17__0,BS_TQ5QHR17
DG__BS_TRGECFNP__0,BS_TRGECFNP
DG__BS_TRKH2SPE__0,BS_TRKH2SPE
DG__BS_TV5B86ZD__0,BS_TV5B86ZD
DG__BS_TX2WGF8K__0,BS_TX2WGF8K
DG__BS_TX8C5VAJ__0,BS_TX8C5VAJ
DG__BS_TXY8QYWA__0,BS_TXY8QYWA
DG__BS_TXZ7KHTQ__0,BS_TXZ7KHTQ
DG__BS_TYAYZ9ZW__0,BS_TYAYZ9ZW
DG__BS_TYFD8ZMG__0,BS_TYFD8ZMG
DG__BS_TYKJ8G2G__0,BS_TYKJ8G2G
DG__BS_TZ5D0A7R__0,BS_TZ5D0A7R
DG__BS_TZPJHKQR__0,BS_TZPJHKQR
DG__BS_TZVFR600__0,BS_TZVFR600
DG__BS_V0Q1G94N__0,BS_V0Q1G94N
DG__BS_V2MDX7HG__0,BS_V2MDX7HG
DG__BS_V3REENH9__0,BS_V3REENH9
DG__BS_V3SC6NWH__0,BS_V3SC6NWH
DG__BS_V3Z3DB4N__0,BS_V3Z3DB4N
DG__BS_V3ZNXRHK__0,BS_V3ZNXRHK
DG__BS_V4W81SFC__0,BS_V4W81SFC
DG__BS_V6HKXX1Z__0,BS_V6HKXX1Z
DG__BS_V72GX2AZ__0,BS_V72GX2AZ
DG__BS_V72H4RQS__0,BS_V72H4RQS
DG__BS_V79WFJ6N__0,BS_V79WFJ6N
DG__BS_V7BJM89K__0,BS_V7BJM89K
DG__BS_V89HGTET__0,BS_V89HGTET
DG__BS_V8G6BZRR__0,BS_V8G6BZRR
DG__BS_V96WVE3Z__0,BS_V96WVE3Z
DG__BS_V9HVBBDW__0,BS_V9HVBBDW
DG__BS_VA07453Z__0,BS_VA07453Z
DG__BS_VA5T4KAA__0,BS_VA5T4KAA
DG__BS_VAAHBH60__0,BS_VAAHBH60
DG__BS_VARR255N__0,BS_VARR255N
DG__BS_VDSR4X6N__0,BS_VDSR4X6N
DG__BS_VF099E8S__0,BS_VF099E8S
DG__BS_VF5XWFXD__0,BS_VF5XWFXD
DG__BS_VHD4ARSG__0,BS_VHD4ARSG
DG__BS_VJ2S5DVS__0,BS_VJ2S5DVS
DG__BS_VJAC9H58__0,BS_VJAC9H58
DG__BS_VJVDJABP__0,BS_VJVDJABP
DG__BS_VK46N40F__0,BS_VK46N40F
DG__BS_VKH9KYDB__0,BS_VKH9KYDB
DG__BS_VMEX27TN__0,BS_VMEX27TN
DG__BS_VMMJYN8Z__0,BS_VMMJYN8Z
DG__BS_VMQMGSJY__0,BS_VMQMGSJY
DG__BS_VMZMGB7B__0,BS_VMZMGB7B
DG__BS_VNE0ZPBS__0,BS_VNE0ZPBS
DG__BS_VNK9XYV9__0,BS_VNK9XYV9
DG__BS_VNWKNRY4__0,BS_VNWKNRY4
DG__BS_VP3C8WZT__0,BS_VP3C8WZT
DG__BS_VP5Y45Z7__0,BS_VP5Y45Z7
DG__BS_VPBMDMQX__0,BS_VPBMDMQX
DG__BS_VPJ9CARN__0,BS_VPJ9CARN
DG__BS_VPMKHW9X__0,BS_VPMKHW9X
DG__BS_VPNXJE2S__0,BS_VPNXJE2S
DG__BS_VQC2PE2B__0,BS_VQC2PE2B
DG__BS_VQEPFE1P__0,BS_VQEPFE1P
DG__BS_VR7FR1NE__0,BS_VR7FR1NE
DG__BS_VT6C6N6K__0,BS_VT6C6N6K
DG__BS_VTJ9ESSV__0,BS_VTJ9ESSV
DG__BS_VTTTQYQA__0,BS_VTTTQYQA
DG__BS_VVD8TJNE__0,BS_VVD8TJNE
DG__BS_VVFBW0YH__0,BS_VVFBW0YH
DG__BS_VVTHDRBD__0,BS_VVTHDRBD
DG__BS_VW4XN9Y7__0,BS_VW4XN9Y7
DG__BS_VW85Q4XJ__0,BS_VW85Q4XJ
DG__BS_VW96PFKQ__0,BS_VW96PFKQ
DG__BS_VXDGXQKZ__0,BS_VXDGXQKZ
DG__BS_VXEFKW5P__0,BS_VXEFKW5P
DG__BS_VXHWZJDC__0,BS_VXHWZJDC
DG__BS_VXNT1TDB__0,BS_VXNT1TDB
DG__BS_W1385R8Y__0,BS_W1385R8Y
DG__BS_W18SF91A__0,BS_W18SF91A
DG__BS_W23ERYW3__0,BS_W23ERYW3
DG__BS_W2QCHQ7E__0,BS_W2QCHQ7E
DG__BS_W311713R__0,BS_W311713R
DG__BS_W36RZSFA__0,BS_W36RZSFA
DG__BS_W3R2DQ86__0,BS_W3R2DQ86
DG__BS_W3R88RFP__0,BS_W3R88RFP
DG__BS_W41S7B55__0,BS_W41S7B55
DG__BS_W4DB5RP1__0,BS_W4DB5RP1
DG__BS_W4H1D4Y6__0,BS_W4H1D4Y6
DG__BS_W4HGV6E7__0,BS_W4HGV6E7
DG__BS_W50WEJE7__0,BS_W50WEJE7
DG__BS_W5P7SPDH__0,BS_W5P7SPDH
DG__BS_W60RQAKK__0,BS_W60RQAKK
DG__BS_W644VEVE__0,BS_W644VEVE
DG__BS_W6AC5J3C__0,BS_W6AC5J3C
DG__BS_W6B48DD5__0,BS_W6B48DD5
DG__BS_W72364MN__0,BS_W72364MN
DG__BS_W74D279Q__0,BS_W74D279Q
DG__BS_W7FP2G3F__0,BS_W7FP2G3F
DG__BS_W7MFJZ5A__0,BS_W7MFJZ5A
DG__BS_W80TJC27__0,BS_W80TJC27
DG__BS_W8DA9AXT__0,BS_W8DA9AXT
DG__BS_W97QQYKQ__0,BS_W97QQYKQ
DG__BS_W9AT0MR7__0,BS_W9AT0MR7
DG__BS_W9FW1PAE__0,BS_W9FW1PAE
DG__BS_W9N9844Q__0,BS_W9N9844Q
DG__BS_W9P0PFDH__0,BS_W9P0PFDH
DG__BS_WAXJY4XQ__0,BS_WAXJY4XQ
DG__BS_WB8P21ED__0,BS_WB8P21ED
DG__BS_WCNPE0AC__0,BS_WCNPE0AC
DG__BS_WCRKYV0T__0,BS_WCRKYV0T
DG__BS_WD37M8SD__0,BS_WD37M8SD
DG__BS_WD7AQV83__0,BS_WD7AQV83
DG__BS_WDTT7PG2__0,BS_WDTT7PG2
DG__BS_WE3Q8A73__0,BS_WE3Q8A73
DG__BS_WEGGXVYA__0,BS_WEGGXVYA
DG__BS_WFD0GE5X__0,BS_WFD0GE5X
DG__BS_WG203ECV__0,BS_WG203ECV
DG__BS_WGK8ZMVA__0,BS_WGK8ZMVA
DG__BS_WH5HDE0A__0,BS_WH5HDE0A
DG__BS_WH8G4VFB__0,BS_WH8G4VFB
DG__BS_WH8KWW5J__0,BS_WH8KWW5J
DG__BS_WJ7GMQTF__0,BS_WJ7GMQTF
DG__BS_WJ9H4NZZ__0,BS_WJ9H4NZZ
DG__BS_WJB33V17__0,BS_WJB33V17
DG__BS_WJF6ZXWN__0,BS_WJF6ZXWN
DG__BS_WJGFDRWK__0,BS_WJGFDRWK
DG__BS_WKESC3XN__0,BS_WKESC3XN
DG__BS_WMEHNDSK__0,BS_WMEHNDSK
DG__BS_WMEYJGDC__0,BS_WMEYJGDC
DG__BS_WP2D11SK__0,BS_WP2D11SK
DG__BS_WP9J88EB__0,BS_WP9J88EB
DG__BS_WPCBK1EG__0,BS_WPCBK1EG
DG__BS_WQ19Z6MD__0,BS_WQ19Z6MD
DG__BS_WRHDP7WF__0,BS_WRHDP7WF
DG__BS_WRJNMEX2__0,BS_WRJNMEX2
DG__BS_WRQHPSXQ__0,BS_WRQHPSXQ
DG__BS_WSFB4SA2__0,BS_WSFB4SA2
DG__BS_WSQMAA33__0,BS_WSQMAA33
DG__BS_WV0S8N4M__0,BS_WV0S8N4M
DG__BS_WVS02TZK__0,BS_WVS02TZK
DG__BS_WVW3W6ZB__0,BS_WVW3W6ZB
DG__BS_WWKNJSJ5__0,BS_WWKNJSJ5
DG__BS_WXKCR17Q__0,BS_WXKCR17Q
DG__BS_WY5KYSHJ__0,BS_WY5KYSHJ
DG__BS_WYERXS4G__0,BS_WYERXS4G
DG__BS_WYF8NGSD__0,BS_WYF8NGSD
DG__BS_WYG77VVP__0,BS_WYG77VVP
DG__BS_WYTDVC0Y__0,BS_WYTDVC0Y
DG__BS_X0F9AYEC__0,BS_X0F9AYEC
DG__BS_X0XXN9BK__0,BS_X0XXN9BK
DG__BS_X16PENSA__0,BS_X16PENSA
DG__BS_X1DSETVE__0,BS_X1DSETVE
DG__BS_X1R0N8QS__0,BS_X1R0N8QS
DG__BS_X23724NJ__0,BS_X23724NJ
DG__BS_X2QTK3QD__0,BS_X2QTK3QD
DG__BS_X4DD4KSZ__0,BS_X4DD4KSZ
DG__BS_X4X1SFSE__0,BS_X4X1SFSE
DG__BS_X59HSFGG__0,BS_X59HSFGG
DG__BS_X5VN0FW0__0,BS_X5VN0FW0
DG__BS_X6361T19__0,BS_X6361T19
DG__BS_X67GTEM6__0,BS_X67GTEM6
DG__BS_X7QJCVJB__0,BS_X7QJCVJB
DG__BS_X91K8KMG__0,BS_X91K8KMG
DG__BS_X9EGD530__0,BS_X9EGD530
DG__BS_X9PJ715R__0,BS_X9PJ715R
DG__BS_XBBBE8V2__0,BS_XBBBE8V2
DG__BS_XBE002WV__0,BS_XBE002WV
DG__BS_XBQZYS8G__0,BS_XBQZYS8G
DG__BS_XCFNEZ8E__0,BS_XCFNEZ8E
DG__BS_XCNGQ25H__0,BS_XCNGQ25H
DG__BS_XDY9BYRK__0,BS_XDY9BYRK
DG__BS_XEVMEYFS__0,BS_XEVMEYFS
DG__BS_XF0ZX2B3__0,BS_XF0ZX2B3
DG__BS_XG0DBWVT__0,BS_XG0DBWVT
DG__BS_XGDPK33A__0,BS_XGDPK33A
DG__BS_XGMXJKFX__0,BS_XGMXJKFX
DG__BS_XGSA3GQE__0,BS_XGSA3GQE
DG__BS_XGVSX8BX__0,BS_XGVSX8BX
DG__BS_XH5JP8DB__0,BS_XH5JP8DB
DG__BS_XHAQXDR0__0,BS_XHAQXDR0
DG__BS_XHCYEE2S__0,BS_XHCYEE2S
DG__BS_XJTW0P8P__0,BS_XJTW0P8P
DG__BS_XJZQA3AP__0,BS_XJZQA3AP
DG__BS_XKE77TR4__0,BS_XKE77TR4
DG__BS_XKKB4MZV__0,BS_XKKB4MZV
DG__BS_XKM2EAT4__0,BS_XKM2EAT4
DG__BS_XKP747AS__0,BS_XKP747AS
DG__BS_XKXDH0YJ__0,BS_XKXDH0YJ
DG__BS_XM1AHBDJ__0,BS_XM1AHBDJ
DG__BS_XM302FF4__0,BS_XM302FF4
DG__BS_XMNBSBGN__0,BS_XMNBSBGN
DG__BS_XMP9XNR9__0,BS_XMP9XNR9
DG__BS_XNTQBZAJ__0,BS_XNTQBZAJ
DG__BS_XPSD2NRJ__0,BS_XPSD2NRJ
DG__BS_XPZAD9PP__0,BS_XPZAD9PP
DG__BS_XQ5SFW35__0,BS_XQ5SFW35
DG__BS_XQYHPBFS__0,BS_XQYHPBFS
DG__BS_XSWF2MR1__0,BS_XSWF2MR1
DG__BS_XVBX7ZK1__0,BS_XVBX7ZK1
DG__BS_XVNNWN2Z__0,BS_XVNNWN2Z
DG__BS_XVYRXN8J__0,BS_XVYRXN8J
DG__BS_XW26N96W__0,BS_XW26N96W
DG__BS_XWQTX5HH__0,BS_XWQTX5HH
DG__BS_XZM79E42__0,BS_XZM79E42
DG__BS_XZTV0J8W__0,BS_XZTV0J8W
DG__BS_Y08D5P8N__0,BS_Y08D5P8N
DG__BS_Y0DGBKTY__0,BS_Y0DGBKTY
DG__BS_Y0PCBNJV__0,BS_Y0PCBNJV
DG__BS_Y2C78JC4__0,BS_Y2C78JC4
DG__BS_Y3472DYJ__0,BS_Y3472DYJ
DG__BS_Y3ETG5AE__0,BS_Y3ETG5AE
DG__BS_Y3G1X98S__0,BS_Y3G1X98S
DG__BS_Y43VC4VG__0,BS_Y43VC4VG
DG__BS_Y4ZX0YX7__0,BS_Y4ZX0YX7
DG__BS_Y5DA59M3__0,BS_Y5DA59M3
DG__BS_Y74XAFJX__0,BS_Y74XAFJX
DG__BS_Y7CA8B5R__0,BS_Y7CA8B5R
DG__BS_Y7F9E2E9__0,BS_Y7F9E2E9
DG__BS_Y8D1F5WW__0,BS_Y8D1F5WW
DG__BS_Y9GHDZKS__0,BS_Y9GHDZKS
DG__BS_YA8RBGD8__0,BS_YA8RBGD8
DG__BS_YB07VF1X__0,BS_YB07VF1X
DG__BS_YB2RXRHT__0,BS_YB2RXRHT
DG__BS_YB99Q6TN__0,BS_YB99Q6TN
DG__BS_YBCQBCQC__0,BS_YBCQBCQC
DG__BS_YBJBSRHV__0,BS_YBJBSRHV
DG__BS_YCREDZTJ__0,BS_YCREDZTJ
DG__BS_YDEVMD24__0,BS_YDEVMD24
DG__BS_YE1MAQYJ__0,BS_YE1MAQYJ
DG__BS_YEB88D32__0,BS_YEB88D32
DG__BS_YEQVW4ND__0,BS_YEQVW4ND
DG__BS_YETBN0RQ__0,BS_YETBN0RQ
DG__BS_YETTZ1NC__0,BS_YETTZ1NC
DG__BS_YEW22W35__0,BS_YEW22W35
DG__BS_YEWX69X4__0,BS_YEWX69X4
DG__BS_YG0A13JH__0,BS_YG0A13JH
DG__BS_YGQS4660__0,BS_YGQS4660
DG__BS_YH05F9DB__0,BS_YH05F9DB
DG__BS_YH4DYNQ2__0,BS_YH4DYNQ2
DG__BS_YH60H2FS__0,BS_YH60H2FS
DG__BS_YHXMYDBN__0,BS_YHXMYDBN
DG__BS_YK6VQ9SJ__0,BS_YK6VQ9SJ
DG__BS_YKQP4SBX__0,BS_YKQP4SBX
DG__BS_YMAJC22S__0,BS_YMAJC22S
DG__BS_YMDPFK0V__0,BS_YMDPFK0V
DG__BS_YNEQJ6AH__0,BS_YNEQJ6AH
DG__BS_YPCTK927__0,BS_YPCTK927
DG__BS_YRC54VPP__0,BS_YRC54VPP
DG__BS_YVFFHJ1Q__0,BS_YVFFHJ1Q
DG__BS_YVMEEBKC__0,BS_YVMEEBKC
DG__BS_YXCVR90M__0,BS_YXCVR90M
DG__BS_YY5B2XDD__0,BS_YY5B2XDD
DG__BS_YYAPSA5P__0,BS_YYAPSA5P
DG__BS_YZ0P5E8H__0,BS_YZ0P5E8H
DG__BS_YZ2YNEJJ__0,BS_YZ2YNEJJ
DG__BS_YZ2Z1Q6Y__0,BS_YZ2Z1Q6Y
DG__BS_YZD4SSMA__0,BS_YZD4SSMA
DG__BS_Z0AVVB1V__0,BS_Z0AVVB1V
DG__BS_Z14Z2JMW__0,BS_Z14Z2JMW
DG__BS_Z1A875MW__0,BS_Z1A875MW
DG__BS_Z1BBZ01F__0,BS_Z1BBZ01F
DG__BS_Z28VKGNS__0,BS_Z28VKGNS
DG__BS_Z2NWPQKF__0,BS_Z2NWPQKF
DG__BS_Z34PQDYT__0,BS_Z34PQDYT
DG__BS_Z3RCA1T9__0,BS_Z3RCA1T9
DG__BS_Z45HD492__0,BS_Z45HD492
DG__BS_Z4Q8RH5M__0,BS_Z4Q8RH5M
DG__BS_Z4S81HG1__0,BS_Z4S81HG1
DG__BS_Z5D6G1S6__0,BS_Z5D6G1S6
DG__BS_Z5VJCFNP__0,BS_Z5VJCFNP
DG__BS_Z6BWR941__0,BS_Z6BWR941
DG__BS_Z6MC4N8D__0,BS_Z6MC4N8D
DG__BS_Z72QAZC7__0,BS_Z72QAZC7
DG__BS_Z7890YNR__0,BS_Z7890YNR
DG__BS_Z7G68ZS2__0,BS_Z7G68ZS2
DG__BS_Z7PKVY9J__0,BS_Z7PKVY9J
DG__BS_Z7R92XX6__0,BS_Z7R92XX6
DG__BS_Z7Y2466H__0,BS_Z7Y2466H
DG__BS_Z85M2R3N__0,BS_Z85M2R3N
DG__BS_Z8F3GM85__0,BS_Z8F3GM85
DG__BS_Z8YZ6QGS__0,BS_Z8YZ6QGS
DG__BS_Z9NCH2XA__0,BS_Z9NCH2XA
DG__BS_Z9PKZ4RT__0,BS_Z9PKZ4RT
DG__BS_Z9ZS6ZS2__0,BS_Z9ZS6ZS2
DG__BS_ZA9XT151__0,BS_ZA9XT151
DG__BS_ZAH4FHV2__0,BS_ZAH4FHV2
DG__BS_ZAT0XJE5__0,BS_ZAT0XJE5
DG__BS_ZBWQG7VR__0,BS_ZBWQG7VR
DG__BS_ZCY4ECNV__0,BS_ZCY4ECNV
DG__BS_ZD5HN296__0,BS_ZD5HN296
DG__BS_ZECKZTFC__0,BS_ZECKZTFC
DG__BS_ZF34SJGN__0,BS_ZF34SJGN
DG__BS_ZF6BSFNF__0,BS_ZF6BSFNF
DG__BS_ZH1FBX50__0,BS_ZH1FBX50
DG__BS_ZH6PC8KM__0,BS_ZH6PC8KM
DG__BS_ZHHAM3AN__0,BS_ZHHAM3AN
DG__BS_ZHJFX6C9__0,BS_ZHJFX6C9
DG__BS_ZJSMC22A__0,BS_ZJSMC22A
DG__BS_ZJT1REVB__0,BS_ZJT1REVB
DG__BS_ZJZFT0AJ__0,BS_ZJZFT0AJ
DG__BS_ZJZXDPTP__0,BS_ZJZXDPTP
DG__BS_ZKFEMJZ8__0,BS_ZKFEMJZ8
DG__BS_ZKZACPVV__0,BS_ZKZACPVV
DG__BS_ZN8136D9__0,BS_ZN8136D9
DG__BS_ZP89F1JY__0,BS_ZP89F1JY
DG__BS_ZPF89720__0,BS_ZPF89720
DG__BS_ZQ76ZBEX__0,BS_ZQ76ZBEX
DG__BS_ZQKGJD70__0,BS_ZQKGJD70
DG__BS_ZR75EKKX__0,BS_ZR75EKKX
DG__BS_ZR96A4FH__0,BS_ZR96A4FH
DG__BS_ZRM0W01M__0,BS_ZRM0W01M
DG__BS_ZS1QRMXS__0,BS_ZS1QRMXS
DG__BS_ZSH09N84__0,BS_ZSH09N84
DG__BS_ZTWGFWTX__0,BS_ZTWGFWTX
DG__BS_ZV1P6W9C__0,BS_ZV1P6W9C
DG__BS_ZV21J6YW__0,BS_ZV21J6YW
DG__BS_ZV68CES9__0,BS_ZV68CES9
DG__BS_ZV9Z3SY6__0,BS_ZV9Z3SY6
DG__BS_ZVWE73JZ__0,BS_ZVWE73JZ
DG__BS_ZVX2GRD6__0,BS_ZVX2GRD6
DG__BS_ZVZDDW2G__0,BS_ZVZDDW2G
DG__BS_ZWR9W4FX__0,BS_ZWR9W4FX
DG__BS_ZX1YPQ88__0,BS_ZX1YPQ88
DG__BS_ZXYDSBM9__0,BS_ZXYDSBM9
DG__BS_ZZJF26C4__0,BS_ZZJF26C4
DG__BS_ZZMYDZJW__0,BS_ZZMYDZJW
DG__BS_ZZPBANDD__0,BS_ZZPBANDD
DG__BS_ZZWMD6FA__0,BS_ZZWMD6FA
DG__BS_9QMVZ4C0__1,BS_9QMVZ4C0
DG__BS_E0AAK0V0__1,BS_E0AAK0V0
DG__BS_K049HVGR__1,BS_K049HVGR
DG__BS_ME3HKN2C__1,BS_ME3HKN2C
DG__BS_MRX1SPFB__1,BS_MRX1SPFB
DG__BS_N6N147BY__1,BS_N6N147BY
DG__BS_Y08D5P8N__1,BS_Y08D5P8N
DG__BS_ZR96A4FH__1,BS_ZR96A4FH
DG__BS_E0AAK0V0__2,BS_E0AAK0V0
